data,hora_(utc),temp._ins._(c),temp._max._(c),temp._min._(c),umi._ins._(%),umi._max._(%),umi._min._(%),pto_orvalho_ins._(c),pto_orvalho_max._(c),pto_orvalho_min._(c),pressao_ins._(hpa),pressao_max._(hpa),pressao_min._(hpa),vel._vento_(m/s),dir._vento_(m/s),raj._vento_(m/s),radiacao_(kj/mÂ²),chuva_(mm),municipio
06/01/2024,1000,23.8,23.9,23.8,94.0,94.0,93.0,22.7,22.8,22.6,995.2,995.2,994.6,0.4,61.0,1.7,0.9,0.2,Ariquemes
06/01/2024,1100,24.1,24.1,23.8,94.0,94.0,93.0,23.0,23.0,22.7,996.1,996.1,995.2,0.2,98.0,1.0,82.9,0.0,Ariquemes
06/01/2024,1200,24.1,24.4,24.1,93.0,94.0,93.0,22.9,23.3,22.9,997.1,997.1,996.1,4.4,11.0,6.9,119.3,0.6,Ariquemes
06/01/2024,1300,23.8,24.1,23.6,94.0,94.0,92.0,22.7,22.8,22.5,997.8,997.8,997.1,2.0,308.0,7.1,292.0,14.2,Ariquemes
06/01/2024,1400,24.5,24.7,23.7,92.0,94.0,92.0,23.1,23.5,22.6,998.0,998.0,997.8,2.4,355.0,5.5,671.1,2.2,Ariquemes
06/01/2024,1500,25.2,25.2,24.5,90.0,92.0,90.0,23.5,23.6,23.0,997.4,998.0,997.4,2.3,357.0,5.3,944.1,0.2,Ariquemes
06/01/2024,1600,26.0,26.5,25.1,87.0,91.0,85.0,23.6,24.5,23.3,997.0,997.4,997.0,3.2,7.0,5.8,1403.8,0.0,Ariquemes
06/01/2024,1700,26.9,26.9,26.0,84.0,88.0,83.0,24.0,24.2,23.4,996.0,997.0,996.0,1.6,342.0,5.8,1360.5,0.0,Ariquemes
06/01/2024,1800,29.0,29.1,26.9,75.0,85.0,75.0,24.1,24.8,23.7,994.6,996.0,994.6,1.8,347.0,4.4,2673.3,0.0,Ariquemes
06/01/2024,1900,30.2,30.2,28.4,72.0,77.0,71.0,24.6,24.8,23.2,993.3,994.6,993.3,1.5,252.0,4.7,2465.5,0.0,Ariquemes
06/01/2024,2000,29.1,30.5,29.1,73.0,73.0,68.0,23.8,24.8,23.4,992.8,993.3,992.8,1.2,295.0,4.3,2381.9,0.0,Ariquemes
06/01/2024,2100,29.7,30.9,29.2,69.0,73.0,65.0,23.4,24.4,23.1,992.4,992.8,992.3,0.7,11.0,3.5,1536.7,0.0,Ariquemes
06/01/2024,2200,29.8,30.2,29.5,71.0,72.0,67.0,24.0,24.5,23.2,992.9,992.9,992.4,0.5,39.0,2.1,551.6,0.0,Ariquemes
06/01/2024,2300,25.6,29.8,25.6,87.0,87.0,71.0,23.2,24.0,22.5,993.8,993.8,992.9,2.7,5.0,7.6,37.2,0.6,Ariquemes
07/01/2024,1100,24.0,24.0,23.8,93.0,94.0,93.0,22.9,22.9,22.7,997.1,997.1,996.2,0.6,179.0,1.3,47.7,0.0,Ariquemes
07/01/2024,1200,25.2,25.2,24.0,91.0,93.0,91.0,23.6,23.6,22.9,997.6,997.6,997.1,0.5,75.0,1.3,383.4,0.0,Ariquemes
07/01/2024,1300,26.9,26.9,25.2,84.0,91.0,83.0,23.9,24.0,23.4,998.1,998.1,997.6,3.0,12.0,4.9,1283.8,0.0,Ariquemes
07/01/2024,1400,28.4,28.4,26.8,78.0,84.0,77.0,24.1,24.3,23.6,998.4,998.4,998.1,2.8,9.0,5.0,1323.4,0.0,Ariquemes
07/01/2024,1500,28.9,29.2,28.1,74.0,78.0,74.0,23.7,24.8,23.5,998.3,998.5,998.3,4.7,5.0,8.2,1794.1,0.0,Ariquemes
07/01/2024,1600,28.9,29.4,28.3,73.0,77.0,73.0,23.7,24.4,23.3,997.6,998.3,997.6,5.1,14.0,8.8,2228.9,0.0,Ariquemes
07/01/2024,1700,30.4,30.4,28.3,68.0,75.0,67.0,23.8,24.5,22.9,996.1,997.6,996.1,3.6,9.0,7.9,3259.5,0.0,Ariquemes
07/01/2024,1800,30.4,30.9,29.9,65.0,70.0,64.0,23.2,24.3,22.7,995.0,996.1,995.0,2.7,321.0,6.8,3094.5,0.0,Ariquemes
07/01/2024,1900,31.4,32.0,30.4,62.0,67.0,61.0,23.2,24.1,22.6,993.9,995.0,993.9,2.3,316.0,5.6,3005.8,0.0,Ariquemes
07/01/2024,2000,31.5,31.7,31.2,59.0,62.0,57.0,22.5,23.3,21.9,992.9,993.9,992.9,2.6,344.0,5.6,2310.2,0.0,Ariquemes
07/01/2024,2100,31.3,32.0,31.0,60.0,62.0,57.0,22.7,23.0,21.9,992.5,992.9,992.5,2.6,353.0,4.6,1415.3,0.0,Ariquemes
07/01/2024,2200,30.2,31.3,30.2,64.0,64.0,59.0,22.7,22.9,22.2,992.6,992.6,992.5,1.9,3.0,4.7,684.5,0.0,Ariquemes
07/01/2024,2300,27.9,30.2,27.9,73.0,73.0,64.0,22.7,22.7,22.4,993.0,993.0,992.6,1.3,3.0,3.3,61.0,0.0,Ariquemes
08/01/2024,1100,25.0,25.0,22.8,92.0,95.0,92.0,23.7,23.8,21.9,995.7,995.7,994.8,0.1,107.0,1.0,267.2,0.0,Ariquemes
08/01/2024,1200,27.2,27.5,25.0,83.0,93.0,82.0,24.0,24.6,23.6,996.3,996.3,995.7,0.7,77.0,1.5,1142.1,0.0,Ariquemes
08/01/2024,1300,29.1,29.2,27.1,75.0,84.0,75.0,24.3,24.9,23.9,996.3,996.4,996.2,1.7,59.0,3.5,1949.9,0.0,Ariquemes
08/01/2024,1400,31.1,31.1,29.1,68.0,77.0,68.0,24.5,25.0,24.0,996.2,996.4,996.2,2.4,74.0,4.5,2691.3,0.0,Ariquemes
08/01/2024,1500,32.1,32.1,30.9,60.0,68.0,60.0,23.4,24.5,23.2,995.8,996.3,995.8,3.2,17.0,6.0,3163.3,0.0,Ariquemes
08/01/2024,1600,32.5,33.1,31.1,58.0,64.0,57.0,23.2,24.4,22.9,995.1,995.8,995.1,3.0,15.0,6.0,2604.8,0.0,Ariquemes
08/01/2024,1700,33.1,33.8,32.0,57.0,60.0,55.0,23.3,24.6,22.6,994.1,995.1,994.1,3.6,19.0,6.0,2962.3,0.0,Ariquemes
08/01/2024,1800,33.8,34.0,32.1,54.0,59.0,53.0,23.1,24.4,22.2,992.8,994.1,992.8,2.0,20.0,6.2,2818.9,0.0,Ariquemes
08/01/2024,1900,33.5,34.0,32.3,57.0,59.0,51.0,23.8,23.9,22.0,991.9,992.8,991.9,0.9,249.0,4.8,1103.4,0.0,Ariquemes
08/01/2024,2000,33.8,34.1,32.5,54.0,61.0,53.0,23.2,24.3,23.0,991.3,992.0,991.3,2.5,332.0,5.0,2036.4,0.0,Ariquemes
08/01/2024,2100,33.1,34.2,33.1,52.0,54.0,51.0,21.9,23.5,21.8,991.1,991.3,991.1,2.6,350.0,5.0,1573.0,0.0,Ariquemes
08/01/2024,2200,32.6,33.2,32.6,52.0,53.0,49.0,21.4,22.3,20.8,991.4,991.4,991.0,0.8,328.0,4.3,686.2,0.0,Ariquemes
08/01/2024,2300,29.0,32.6,29.0,73.0,73.0,52.0,23.7,23.8,21.1,992.0,992.0,991.4,0.4,211.0,1.6,65.2,0.0,Ariquemes
09/01/2024,1100,25.3,25.3,24.5,94.0,94.0,94.0,24.2,24.2,23.4,996.3,996.3,995.4,0.4,2.0,1.0,145.3,0.0,Ariquemes
09/01/2024,1200,26.6,26.7,25.3,89.0,94.0,89.0,24.7,24.9,24.1,996.4,996.5,996.2,1.5,4.0,2.5,490.7,0.0,Ariquemes
09/01/2024,1300,27.8,28.0,26.6,79.0,89.0,79.0,23.9,24.9,23.9,997.0,997.0,996.4,1.2,311.0,2.9,1129.7,0.0,Ariquemes
09/01/2024,1400,29.9,29.9,27.8,75.0,80.0,74.0,25.0,25.0,23.9,997.1,997.2,997.0,2.1,354.0,4.3,2266.2,0.0,Ariquemes
09/01/2024,1500,30.4,30.9,29.7,71.0,75.0,70.0,24.5,25.6,24.1,996.5,997.1,996.5,2.2,349.0,4.9,2693.2,0.0,Ariquemes
09/01/2024,1600,31.5,32.0,30.4,66.0,71.0,65.0,24.3,25.1,23.8,995.1,996.5,995.1,3.1,23.0,6.7,3343.9,0.0,Ariquemes
09/01/2024,1700,29.2,31.6,28.1,76.0,77.0,65.0,24.5,24.9,23.2,994.3,995.1,994.3,3.3,319.0,8.0,1751.4,0.0,Ariquemes
09/01/2024,1800,29.1,30.0,28.7,74.0,77.0,73.0,24.0,25.0,23.7,993.8,994.3,993.7,2.6,259.0,6.9,2157.2,0.0,Ariquemes
09/01/2024,1900,27.7,29.1,27.3,81.0,81.0,74.0,24.1,24.1,23.2,993.4,994.1,993.3,1.0,87.0,6.8,642.8,0.0,Ariquemes
09/01/2024,2000,25.1,27.8,25.1,91.0,91.0,80.0,23.4,24.2,23.1,993.8,993.8,993.3,3.6,42.0,7.0,87.4,1.4,Ariquemes
09/01/2024,2100,24.4,25.1,24.2,92.0,92.0,91.0,23.1,23.4,22.7,993.8,994.0,993.6,1.3,38.0,6.9,18.7,2.6,Ariquemes
09/01/2024,2200,24.0,24.5,24.0,93.0,93.0,92.0,22.7,23.1,22.7,994.7,994.7,993.8,2.6,22.0,4.4,16.7,4.6,Ariquemes
09/01/2024,2300,24.0,24.1,24.0,93.0,94.0,93.0,22.9,22.9,22.8,995.0,995.0,994.6,1.2,352.0,4.1,5.1,0.6,Ariquemes
10/01/2024,1100,24.4,24.5,23.8,94.0,95.0,94.0,23.5,23.5,22.9,996.5,996.5,995.7,1.4,1.0,2.2,178.0,0.0,Ariquemes
10/01/2024,1200,26.1,26.3,24.4,88.0,94.0,87.0,24.0,24.4,23.4,997.0,997.0,996.5,2.2,8.0,3.7,1053.6,0.0,Ariquemes
10/01/2024,1300,26.5,26.6,25.9,85.0,88.0,84.0,23.7,23.8,23.5,997.8,997.8,997.0,1.9,339.0,4.3,1065.7,0.0,Ariquemes
10/01/2024,1400,26.6,26.8,26.4,84.0,85.0,83.0,23.6,24.0,23.3,998.2,998.3,997.8,2.7,12.0,4.1,910.5,0.0,Ariquemes
10/01/2024,1500,26.6,26.8,26.3,84.0,84.0,82.0,23.7,23.9,23.0,998.1,998.2,998.0,2.7,3.0,4.8,914.6,0.0,Ariquemes
10/01/2024,1600,27.2,27.2,26.6,81.0,84.0,80.0,23.6,23.8,23.3,997.9,998.2,997.9,2.8,14.0,4.8,1016.0,0.0,Ariquemes
10/01/2024,1700,27.4,27.7,27.1,78.0,81.0,77.0,23.1,23.7,23.1,996.8,997.9,996.8,2.9,344.0,4.8,1275.1,0.0,Ariquemes
10/01/2024,1800,29.1,29.3,27.4,73.0,79.0,73.0,23.7,24.2,23.2,995.2,996.8,995.2,3.3,346.0,5.8,2259.8,0.0,Ariquemes
10/01/2024,1900,30.5,30.5,28.9,67.0,75.0,67.0,23.6,24.9,23.2,993.6,995.2,993.6,3.8,348.0,6.6,2770.9,0.0,Ariquemes
10/01/2024,2000,30.2,30.9,29.9,67.0,68.0,64.0,23.4,24.0,22.9,993.2,993.6,993.1,3.1,352.0,6.1,2125.4,0.0,Ariquemes
10/01/2024,2100,29.3,30.7,29.3,69.0,69.0,64.0,23.1,23.6,22.6,993.2,993.3,993.1,2.9,5.0,5.4,1015.0,0.0,Ariquemes
10/01/2024,2200,29.3,29.9,29.1,70.0,71.0,67.0,23.2,23.5,23.0,993.7,993.7,993.2,1.9,17.0,4.8,681.5,0.0,Ariquemes
10/01/2024,2300,27.6,29.3,27.6,77.0,77.0,69.0,23.1,23.4,23.0,994.6,994.6,993.7,3.8,2.0,7.1,79.7,0.0,Ariquemes
11/01/2024,0,24.7,27.6,24.7,89.0,89.0,77.0,22.7,23.0,22.3,995.9,995.9,994.6,4.3,44.0,7.1,0.2,0.8,Ariquemes
11/01/2024,1100,24.2,24.2,23.9,94.0,95.0,94.0,23.2,23.3,22.9,997.7,997.7,997.2,0.3,360.0,1.2,92.6,3.2,Ariquemes
11/01/2024,1200,24.9,25.0,24.2,92.0,94.0,92.0,23.5,23.7,23.3,998.5,998.5,997.7,1.2,27.0,2.2,425.9,0.2,Ariquemes
11/01/2024,1300,25.7,26.1,24.9,87.0,92.0,86.0,23.3,24.1,23.3,999.1,999.1,998.5,3.0,357.0,5.6,858.9,0.0,Ariquemes
11/01/2024,1400,27.1,27.1,25.6,84.0,88.0,83.0,24.0,24.2,23.2,999.0,999.2,999.0,2.8,359.0,5.6,1022.7,0.0,Ariquemes
11/01/2024,1500,27.5,27.6,26.9,81.0,84.0,80.0,24.0,24.2,23.5,998.8,999.0,998.8,2.8,355.0,5.8,1206.9,0.0,Ariquemes
11/01/2024,1600,27.0,27.4,26.9,82.0,83.0,80.0,23.6,24.0,23.3,998.5,998.8,998.5,3.0,351.0,5.7,758.9,0.0,Ariquemes
11/01/2024,1700,27.4,27.4,26.5,80.0,84.0,80.0,23.6,24.1,23.2,997.8,998.5,997.8,1.6,324.0,4.6,1348.3,0.0,Ariquemes
11/01/2024,1800,27.7,27.9,27.4,77.0,81.0,77.0,23.3,24.0,23.0,997.0,997.8,997.0,1.7,329.0,3.5,1077.0,0.0,Ariquemes
11/01/2024,1900,27.9,27.9,27.4,75.0,79.0,75.0,23.1,23.8,23.0,996.0,997.0,996.0,1.3,324.0,3.5,789.6,0.0,Ariquemes
11/01/2024,2000,27.9,28.2,27.8,77.0,77.0,73.0,23.5,23.5,22.4,995.2,996.0,995.2,1.4,236.0,3.0,897.4,0.0,Ariquemes
11/01/2024,2100,26.2,27.9,26.2,81.0,82.0,77.0,22.8,23.6,22.7,994.8,995.2,994.8,1.5,209.0,3.8,534.8,0.0,Ariquemes
11/01/2024,2200,25.6,26.4,25.6,85.0,85.0,81.0,22.8,23.1,22.7,994.6,994.8,994.6,1.7,193.0,3.4,305.1,0.0,Ariquemes
11/01/2024,2300,24.9,25.6,24.9,88.0,88.0,84.0,22.9,22.9,22.6,994.9,994.9,994.6,0.3,104.0,3.0,61.2,0.0,Ariquemes
12/01/2024,1100,24.1,24.1,23.8,95.0,95.0,95.0,23.2,23.2,22.9,996.3,996.3,995.5,1.0,43.0,1.7,86.6,0.0,Ariquemes
12/01/2024,1200,24.8,25.0,24.0,93.0,95.0,93.0,23.7,23.9,23.1,996.8,996.8,996.3,0.9,21.0,2.3,475.2,0.0,Ariquemes
12/01/2024,1300,27.0,27.1,24.8,87.0,94.0,87.0,24.6,24.8,23.8,997.0,997.0,996.8,0.8,180.0,2.1,1288.7,0.0,Ariquemes
12/01/2024,1400,28.4,28.5,26.9,80.0,87.0,79.0,24.6,24.9,24.2,997.1,997.2,997.0,1.0,59.0,2.0,1502.1,0.0,Ariquemes
12/01/2024,1500,29.4,29.5,28.2,74.0,81.0,74.0,24.3,24.9,24.0,997.1,997.4,997.1,0.8,317.0,3.1,1790.0,0.0,Ariquemes
12/01/2024,1600,30.0,30.1,29.4,71.0,75.0,70.0,24.2,24.8,23.7,996.7,997.1,996.7,2.3,355.0,4.2,2112.3,0.0,Ariquemes
12/01/2024,1700,30.2,30.6,29.9,71.0,73.0,69.0,24.3,25.1,23.9,996.2,996.7,996.2,1.6,334.0,4.5,1623.3,0.0,Ariquemes
12/01/2024,1800,32.2,32.2,30.0,65.0,71.0,65.0,24.7,25.1,23.5,994.5,996.2,994.5,1.0,10.0,3.9,2249.9,0.0,Ariquemes
12/01/2024,1900,32.3,32.6,31.5,58.0,66.0,57.0,23.0,24.8,22.6,992.8,994.5,992.8,1.9,314.0,5.8,3008.8,0.0,Ariquemes
12/01/2024,2000,29.1,32.5,29.1,73.0,73.0,57.0,23.7,23.9,22.6,992.3,992.8,992.3,2.1,179.0,6.4,970.7,0.0,Ariquemes
12/01/2024,2100,27.9,29.1,27.9,75.0,76.0,73.0,23.2,24.1,23.2,992.4,992.4,991.7,2.0,189.0,4.5,427.5,0.0,Ariquemes
12/01/2024,2200,25.0,28.1,24.7,89.0,89.0,75.0,23.0,23.9,22.3,993.1,993.1,992.4,1.1,12.0,8.1,145.0,6.6,Ariquemes
12/01/2024,2300,25.0,25.1,24.9,90.0,90.0,88.0,23.2,23.3,22.9,993.8,993.8,993.1,0.8,242.0,3.5,46.7,0.0,Ariquemes
13/01/2024,1100,24.6,24.6,24.0,95.0,95.0,95.0,23.7,23.7,23.1,996.0,996.0,995.5,0.5,155.0,2.0,141.5,0.0,Ariquemes
13/01/2024,1200,25.8,25.8,24.6,90.0,95.0,90.0,24.1,24.2,23.5,996.6,996.6,996.0,0.7,319.0,2.4,767.8,0.0,Ariquemes
13/01/2024,1300,27.7,27.8,25.8,81.0,91.0,81.0,24.2,24.9,23.7,997.2,997.2,996.6,1.6,347.0,3.2,1741.7,0.0,Ariquemes
13/01/2024,1400,29.0,29.2,27.5,75.0,82.0,74.0,24.1,24.9,23.8,997.5,997.7,997.2,2.4,13.0,4.8,2933.2,0.0,Ariquemes
13/01/2024,1500,29.9,30.5,28.9,69.0,76.0,69.0,23.7,25.1,23.5,997.3,997.5,997.2,2.7,344.0,5.3,3151.2,0.0,Ariquemes
13/01/2024,1600,30.2,30.6,29.7,67.0,72.0,66.0,23.4,24.6,22.9,996.3,997.3,996.3,2.3,327.0,5.3,2727.8,0.0,Ariquemes
13/01/2024,1700,31.4,31.4,29.9,65.0,70.0,65.0,24.0,24.4,23.3,994.6,996.3,994.6,2.4,344.0,5.3,2940.8,0.0,Ariquemes
13/01/2024,1800,31.0,31.8,31.0,63.0,65.0,61.0,23.2,24.2,22.8,993.3,994.6,993.3,1.5,295.0,5.2,2408.2,0.0,Ariquemes
13/01/2024,1900,30.9,31.8,30.8,63.0,67.0,61.0,23.0,24.5,22.9,992.3,993.3,992.3,3.7,6.0,5.9,1831.1,0.0,Ariquemes
13/01/2024,2000,28.5,30.9,28.3,74.0,74.0,63.0,23.5,23.5,22.3,991.8,992.3,991.6,2.6,350.0,8.1,803.2,0.0,Ariquemes
13/01/2024,2100,28.4,28.6,28.0,74.0,76.0,73.0,23.3,23.8,23.0,992.5,992.5,991.8,1.5,11.0,4.8,729.9,0.0,Ariquemes
13/01/2024,2200,27.1,28.5,27.1,82.0,83.0,74.0,23.8,24.1,23.4,993.2,993.2,992.3,0.6,108.0,2.8,89.5,0.0,Ariquemes
13/01/2024,2300,25.9,27.1,25.8,85.0,85.0,82.0,23.2,24.0,23.0,994.1,994.1,993.1,0.9,208.0,4.3,6.7,0.0,Ariquemes
14/01/2024,100,22.9,23.3,22.7,92.0,93.0,91.0,21.7,21.9,21.2,996.3,996.3,995.1,0.4,321.0,4.2,0.1,4.0,Ariquemes
14/01/2024,1000,23.4,23.5,23.4,95.0,95.0,95.0,22.5,22.7,22.5,996.9,996.9,996.4,0.5,108.0,1.5,0.3,0.0,Ariquemes
14/01/2024,1100,23.7,23.8,23.3,95.0,95.0,95.0,22.8,22.9,22.5,997.6,997.6,996.9,1.2,58.0,1.9,139.9,0.0,Ariquemes
14/01/2024,1200,25.6,25.6,23.7,90.0,95.0,89.0,23.8,23.8,22.8,998.2,998.2,997.6,1.4,78.0,2.6,929.7,0.0,Ariquemes
14/01/2024,1300,25.9,26.0,25.6,88.0,89.0,87.0,23.8,23.9,23.4,999.1,999.1,998.2,3.1,48.0,4.3,1150.6,0.0,Ariquemes
14/01/2024,1400,26.8,27.0,25.9,84.0,89.0,83.0,23.9,24.5,23.7,999.8,999.8,999.1,2.9,57.0,5.1,1354.5,0.0,Ariquemes
14/01/2024,1500,28.0,28.0,26.7,80.0,85.0,80.0,24.3,24.4,23.8,999.4,999.8,999.4,2.7,48.0,4.8,1361.8,0.0,Ariquemes
14/01/2024,1600,28.8,28.8,28.0,75.0,81.0,75.0,23.9,24.7,23.7,998.6,999.4,998.6,3.4,39.0,5.3,1680.7,0.0,Ariquemes
14/01/2024,1700,28.9,30.1,28.6,74.0,76.0,71.0,23.8,24.9,23.5,997.3,998.6,997.3,3.7,48.0,5.6,2119.1,0.0,Ariquemes
14/01/2024,1800,29.1,29.9,28.7,73.0,76.0,72.0,23.7,24.6,23.5,995.7,997.3,995.7,4.0,62.0,6.1,1436.3,0.0,Ariquemes
14/01/2024,1900,29.2,30.5,28.7,73.0,75.0,71.0,24.0,25.1,23.4,994.7,995.7,994.7,3.1,66.0,7.2,1601.9,0.0,Ariquemes
14/01/2024,2000,30.6,30.7,29.2,69.0,74.0,68.0,24.2,24.7,23.4,993.8,994.8,993.8,2.3,71.0,5.3,1553.5,0.0,Ariquemes
14/01/2024,2100,29.7,30.6,29.2,68.0,72.0,68.0,23.2,24.2,23.1,993.5,993.8,993.4,3.3,37.0,5.5,833.3,0.0,Ariquemes
14/01/2024,2200,27.1,29.8,27.1,80.0,80.0,67.0,23.2,23.5,22.9,994.1,994.1,993.5,2.5,322.0,6.7,326.4,0.0,Ariquemes
14/01/2024,2300,25.6,27.1,25.6,86.0,86.0,80.0,23.0,23.3,23.0,995.1,995.1,994.1,1.2,343.0,4.7,39.2,0.0,Ariquemes
15/01/2024,900,23.5,24.2,23.5,94.0,94.0,94.0,22.6,23.2,22.6,997.4,997.4,997.1,0.5,161.0,2.6,0.2,4.2,Ariquemes
15/01/2024,1100,23.6,23.6,23.5,94.0,95.0,94.0,22.6,22.7,22.5,998.8,998.8,997.8,0.5,176.0,1.8,50.1,0.0,Ariquemes
15/01/2024,1200,24.0,24.0,23.6,94.0,94.0,94.0,23.0,23.0,22.6,999.6,999.6,998.8,0.5,114.0,1.8,293.7,0.0,Ariquemes
15/01/2024,1300,25.9,25.9,24.0,91.0,94.0,90.0,24.2,24.2,23.1,999.7,999.7,999.6,0.8,84.0,2.3,873.7,0.0,Ariquemes
15/01/2024,1400,27.7,28.0,25.8,82.0,91.0,81.0,24.2,25.0,23.8,999.4,999.7,999.3,1.7,71.0,3.7,2335.2,0.0,Ariquemes
15/01/2024,1500,28.2,28.5,27.7,77.0,83.0,77.0,23.8,24.7,23.8,999.2,999.4,999.2,1.8,64.0,3.7,1905.5,0.0,Ariquemes
15/01/2024,1600,29.5,30.0,28.1,73.0,78.0,73.0,24.0,25.1,23.5,998.5,999.2,998.5,1.7,20.0,3.5,2064.3,0.0,Ariquemes
15/01/2024,1700,30.4,31.0,29.4,69.0,75.0,67.0,24.2,25.0,23.7,997.8,998.5,997.8,2.6,44.0,5.4,2698.7,0.0,Ariquemes
15/01/2024,1800,32.1,32.1,30.3,65.0,71.0,64.0,24.8,24.8,23.6,996.2,997.8,996.2,1.4,31.0,6.0,2728.6,0.0,Ariquemes
15/01/2024,1900,32.6,32.6,30.7,59.0,66.0,59.0,23.6,24.6,22.5,994.3,996.2,994.3,1.0,78.0,4.7,2239.2,0.0,Ariquemes
15/01/2024,2000,29.9,32.6,29.8,72.0,72.0,59.0,24.3,24.4,23.3,993.7,994.3,993.7,1.8,298.0,5.0,820.6,0.0,Ariquemes
15/01/2024,2100,31.0,31.3,29.6,68.0,74.0,67.0,24.4,25.2,24.3,993.4,993.7,993.4,1.3,172.0,3.5,1407.8,0.0,Ariquemes
15/01/2024,2200,30.4,31.0,30.2,70.0,72.0,68.0,24.4,24.8,24.0,993.4,993.4,993.3,1.0,183.0,2.8,658.3,0.0,Ariquemes
15/01/2024,2300,27.6,30.5,27.6,81.0,82.0,70.0,24.0,25.0,24.0,994.1,994.1,993.4,1.4,73.0,3.0,48.3,0.2,Ariquemes
16/01/2024,1100,24.5,24.5,24.0,95.0,95.0,94.0,23.6,23.6,23.0,997.0,997.0,996.1,0.2,149.0,1.0,90.4,0.0,Ariquemes
16/01/2024,1200,26.2,26.2,24.5,91.0,95.0,90.0,24.5,24.7,23.6,997.7,997.7,997.0,0.5,22.0,1.2,734.4,0.0,Ariquemes
16/01/2024,1300,28.9,28.9,26.1,81.0,91.0,81.0,25.3,25.4,24.4,998.2,998.2,997.7,0.6,29.0,1.7,1504.6,0.0,Ariquemes
16/01/2024,1400,29.6,30.2,28.8,75.0,81.0,72.0,24.6,25.5,24.1,998.2,998.3,998.2,2.3,74.0,4.4,2384.9,0.0,Ariquemes
16/01/2024,1500,31.3,31.3,29.5,70.0,75.0,67.0,25.0,25.5,23.7,997.6,998.2,997.6,2.6,54.0,5.1,2535.8,0.0,Ariquemes
16/01/2024,1600,33.1,33.1,30.9,62.0,70.0,59.0,24.9,24.9,23.1,996.6,997.6,996.6,1.9,79.0,5.0,3358.2,0.0,Ariquemes
16/01/2024,1700,33.6,33.7,31.4,56.0,65.0,55.0,23.4,24.9,22.8,995.3,996.6,995.3,2.5,72.0,4.8,3082.3,0.0,Ariquemes
16/01/2024,1800,33.0,34.1,32.1,61.0,61.0,55.0,24.4,24.9,22.7,994.0,995.2,993.9,3.0,87.0,7.8,3179.3,0.0,Ariquemes
16/01/2024,1900,29.7,33.0,29.7,70.0,72.0,60.0,23.6,24.4,23.4,992.7,994.0,992.7,1.0,150.0,7.8,1926.9,0.0,Ariquemes
16/01/2024,2000,32.7,32.7,29.7,63.0,70.0,62.0,24.8,25.1,22.9,991.8,992.7,991.8,0.9,188.0,3.3,1789.6,0.0,Ariquemes
16/01/2024,2100,28.7,32.9,28.7,73.0,73.0,60.0,23.5,24.8,22.5,992.0,992.0,991.7,3.8,356.0,9.5,1103.9,0.0,Ariquemes
16/01/2024,2200,28.4,29.4,28.4,74.0,77.0,73.0,23.4,24.6,23.3,992.0,992.3,991.9,1.6,174.0,6.0,1120.9,0.0,Ariquemes
16/01/2024,2300,27.1,28.4,27.1,81.0,81.0,74.0,23.6,23.6,22.9,992.8,992.8,992.0,0.5,327.0,3.4,70.6,0.0,Ariquemes
17/01/2024,1100,25.2,25.2,24.5,94.0,94.0,93.0,24.1,24.1,23.4,997.6,997.6,996.4,1.4,192.0,2.4,166.7,0.0,Ariquemes
17/01/2024,1200,27.5,27.5,25.2,88.0,94.0,88.0,25.3,25.4,24.1,998.3,998.3,997.6,0.7,152.0,2.4,776.3,0.0,Ariquemes
17/01/2024,1300,29.7,29.8,27.5,79.0,88.0,79.0,25.7,26.1,24.9,998.6,998.6,998.2,0.7,140.0,2.0,2155.4,0.0,Ariquemes
17/01/2024,1400,29.4,30.6,29.3,77.0,80.0,74.0,25.0,26.5,24.8,998.4,998.7,998.4,1.5,324.0,4.1,1776.1,0.0,Ariquemes
17/01/2024,1500,30.3,30.5,29.4,72.0,78.0,71.0,24.7,25.7,24.4,998.2,998.4,998.0,2.0,1.0,4.3,1377.0,0.0,Ariquemes
17/01/2024,1600,31.7,31.9,30.1,66.0,74.0,65.0,24.7,25.4,24.1,996.9,998.2,996.9,3.1,10.0,6.1,2046.6,0.0,Ariquemes
17/01/2024,1700,32.6,32.7,31.3,65.0,69.0,62.0,25.1,25.8,24.0,995.1,996.9,995.1,2.9,343.0,5.9,2889.1,0.0,Ariquemes
17/01/2024,1800,32.4,32.9,31.7,60.0,67.0,59.0,23.7,25.1,23.7,993.9,995.1,993.9,2.8,10.0,5.3,2359.4,0.0,Ariquemes
17/01/2024,1900,30.9,32.6,30.1,75.0,77.0,60.0,25.9,26.3,23.6,992.7,993.9,992.7,0.8,138.0,6.0,928.9,0.6,Ariquemes
17/01/2024,2000,25.1,30.9,25.1,89.0,90.0,73.0,23.1,25.8,22.7,994.1,994.2,992.5,3.2,29.0,13.2,322.7,2.2,Ariquemes
17/01/2024,2100,25.6,25.6,25.1,89.0,90.0,88.0,23.7,23.8,23.0,993.8,994.5,993.7,2.6,67.0,5.1,235.2,0.0,Ariquemes
17/01/2024,2200,25.6,25.7,25.5,90.0,90.0,89.0,23.8,23.8,23.7,994.0,994.0,993.6,1.1,196.0,4.4,81.6,0.0,Ariquemes
17/01/2024,2300,24.9,25.6,24.9,90.0,91.0,90.0,23.2,23.9,23.2,995.3,995.3,994.0,2.2,211.0,3.9,23.4,0.0,Ariquemes
18/01/2024,1100,24.4,24.4,23.9,95.0,95.0,95.0,23.5,23.6,23.1,998.4,998.4,997.3,1.3,80.0,4.4,42.0,0.0,Ariquemes
18/01/2024,1200,24.8,24.8,24.3,94.0,95.0,94.0,23.8,23.8,23.2,999.2,999.2,998.4,1.9,21.0,3.5,256.8,0.8,Ariquemes
18/01/2024,1300,25.2,25.3,24.7,92.0,94.0,91.0,23.8,24.1,23.5,1000.1,1000.1,999.2,2.7,25.0,4.0,772.1,0.6,Ariquemes
18/01/2024,1400,25.5,25.5,24.8,89.0,92.0,89.0,23.6,23.9,23.3,1000.4,1000.4,1000.1,2.5,325.0,4.6,766.4,0.0,Ariquemes
18/01/2024,1500,26.5,26.5,25.4,85.0,89.0,85.0,23.7,23.8,23.0,1000.0,1000.4,1000.0,2.5,346.0,4.4,1286.2,0.0,Ariquemes
18/01/2024,1600,26.3,26.7,25.8,83.0,85.0,82.0,23.2,23.7,22.8,999.3,1000.0,999.3,2.5,353.0,4.4,1447.3,0.0,Ariquemes
18/01/2024,1700,28.3,28.4,26.2,77.0,84.0,77.0,23.8,24.4,23.1,997.6,999.3,997.6,1.4,336.0,4.9,2825.9,0.0,Ariquemes
18/01/2024,1800,28.1,28.4,28.0,75.0,78.0,74.0,23.2,23.9,23.1,995.9,997.6,995.9,1.4,319.0,3.3,1270.2,0.0,Ariquemes
18/01/2024,1900,28.8,28.9,28.1,74.0,76.0,72.0,23.6,23.9,22.8,994.6,995.9,994.6,1.3,234.0,3.3,1071.8,0.0,Ariquemes
18/01/2024,2000,29.6,30.2,28.8,68.0,75.0,68.0,23.2,24.3,23.1,993.6,994.6,993.6,1.3,255.0,3.1,2059.0,0.0,Ariquemes
18/01/2024,2100,30.1,30.2,29.6,68.0,70.0,67.0,23.5,23.9,22.9,993.9,993.9,993.5,1.1,221.0,2.8,1345.2,0.0,Ariquemes
18/01/2024,2200,29.0,30.1,29.0,72.0,73.0,67.0,23.4,23.7,22.9,994.2,994.3,993.9,0.7,186.0,2.6,529.2,0.0,Ariquemes
18/01/2024,2300,27.0,29.0,27.0,82.0,82.0,72.0,23.6,24.0,23.3,994.6,994.6,994.2,0.8,226.0,1.7,69.0,0.0,Ariquemes
19/01/2024,1100,23.9,23.9,23.4,94.0,95.0,94.0,22.9,22.9,22.4,998.1,998.1,997.2,1.2,175.0,2.1,147.8,0.0,Ariquemes
19/01/2024,1200,27.1,27.2,23.9,84.0,94.0,84.0,24.2,24.8,23.0,998.8,998.8,998.1,0.7,335.0,2.1,1156.3,0.0,Ariquemes
19/01/2024,1300,28.4,29.0,27.1,79.0,86.0,78.0,24.4,25.2,24.2,999.2,999.2,998.8,0.7,170.0,2.2,1631.1,0.0,Ariquemes
19/01/2024,1400,28.4,28.6,28.3,79.0,81.0,78.0,24.5,24.9,24.2,999.3,999.4,999.2,1.0,140.0,2.8,1234.1,0.0,Ariquemes
19/01/2024,1500,28.8,29.1,28.4,77.0,80.0,76.0,24.4,24.9,24.0,998.8,999.3,998.8,1.1,188.0,3.0,1152.5,0.0,Ariquemes
19/01/2024,1600,29.6,29.8,28.8,75.0,78.0,75.0,24.7,25.3,24.4,998.1,998.8,998.1,0.9,103.0,2.4,1254.5,0.0,Ariquemes
19/01/2024,1700,31.0,31.0,29.6,68.0,76.0,67.0,24.3,25.2,24.2,996.8,998.1,996.8,1.1,72.0,3.5,2002.7,0.0,Ariquemes
19/01/2024,1800,32.0,32.6,31.0,66.0,68.0,62.0,24.8,25.5,23.6,994.8,996.8,994.8,1.3,50.0,3.0,2865.7,0.0,Ariquemes
19/01/2024,1900,32.1,32.9,31.8,62.0,67.0,58.0,23.9,25.4,23.2,993.5,994.8,993.5,2.0,5.0,4.5,3177.0,0.0,Ariquemes
19/01/2024,2000,33.1,33.6,32.1,52.0,62.0,52.0,21.9,24.2,21.9,992.5,993.5,992.5,2.3,353.0,4.2,2713.4,0.0,Ariquemes
19/01/2024,2100,31.5,33.2,31.5,65.0,65.0,52.0,24.1,24.4,21.6,992.8,992.9,992.4,2.6,86.0,5.4,1516.4,0.0,Ariquemes
19/01/2024,2200,28.5,31.5,28.5,73.0,74.0,64.0,23.2,24.1,22.8,993.4,993.4,992.8,0.7,160.0,4.8,440.7,0.0,Ariquemes
19/01/2024,2300,26.9,28.6,26.9,75.0,77.0,73.0,22.1,23.8,22.1,993.9,993.9,993.4,0.9,244.0,3.4,28.3,0.0,Ariquemes
20/01/2024,1100,25.1,25.1,24.6,94.0,94.0,94.0,24.1,24.1,23.6,996.7,996.7,996.2,0.6,47.0,1.3,91.2,0.0,Ariquemes
20/01/2024,1200,25.9,25.9,25.1,91.0,94.0,91.0,24.3,24.6,24.1,997.9,997.9,996.7,1.2,303.0,2.5,366.4,0.0,Ariquemes
20/01/2024,1300,27.2,27.2,25.9,85.0,91.0,85.0,24.5,24.6,24.0,998.6,998.6,997.9,1.7,327.0,3.0,835.6,0.0,Ariquemes
20/01/2024,1400,28.4,28.6,27.2,77.0,86.0,77.0,24.1,25.1,23.9,998.3,998.6,998.3,1.7,326.0,3.1,1531.7,0.0,Ariquemes
20/01/2024,1500,29.6,29.8,28.3,71.0,78.0,71.0,23.7,24.6,23.5,998.0,998.3,998.0,1.3,339.0,3.1,1999.2,0.0,Ariquemes
20/01/2024,1600,31.3,31.3,29.4,67.0,72.0,65.0,24.3,24.5,23.2,996.8,998.0,996.8,1.4,14.0,3.6,3358.0,0.0,Ariquemes
20/01/2024,1700,31.8,32.2,30.7,64.0,67.0,62.0,24.1,25.0,23.3,995.5,996.8,995.5,1.2,256.0,4.4,2669.9,0.0,Ariquemes
20/01/2024,1800,31.9,32.5,31.7,63.0,67.0,61.0,23.9,25.0,23.3,994.2,995.5,994.2,1.3,243.0,3.6,2566.7,0.0,Ariquemes
20/01/2024,1900,29.5,33.3,29.5,71.0,71.0,60.0,23.8,25.4,22.7,993.5,994.2,993.4,1.7,174.0,5.5,1705.3,0.2,Ariquemes
20/01/2024,2000,25.8,29.5,25.8,80.0,80.0,71.0,22.1,24.6,21.9,993.2,993.7,993.1,1.6,247.0,5.1,328.2,0.0,Ariquemes
20/01/2024,2100,25.9,26.2,25.6,84.0,84.0,80.0,23.1,23.1,22.0,993.7,993.9,993.0,3.0,87.0,6.3,143.6,0.0,Ariquemes
20/01/2024,2200,25.3,26.0,25.2,87.0,87.0,84.0,22.9,23.3,22.7,993.6,993.7,993.2,0.9,110.0,5.5,48.6,0.2,Ariquemes
20/01/2024,2300,24.9,25.4,24.9,88.0,88.0,86.0,22.8,23.2,22.8,994.5,994.5,993.6,0.6,199.0,2.6,32.4,0.0,Ariquemes
21/01/2024,1100,24.4,24.4,23.9,95.0,95.0,95.0,23.5,23.5,23.0,998.3,998.3,997.4,0.4,179.0,1.0,140.6,0.0,Ariquemes
21/01/2024,1200,25.6,25.6,24.4,93.0,95.0,93.0,24.3,24.5,23.5,998.7,998.7,998.3,0.5,266.0,1.4,489.3,0.0,Ariquemes
21/01/2024,1300,27.2,27.2,25.6,87.0,93.0,86.0,24.8,24.9,24.1,999.1,999.2,998.7,1.1,187.0,2.1,1057.6,0.0,Ariquemes
21/01/2024,1400,29.0,29.2,27.2,79.0,87.0,79.0,25.0,25.5,24.5,998.9,999.1,998.9,1.3,317.0,2.6,1958.7,0.0,Ariquemes
21/01/2024,1500,30.8,30.9,28.7,72.0,80.0,70.0,25.3,25.7,24.4,998.7,998.9,998.6,1.2,288.0,3.4,3081.8,0.0,Ariquemes
21/01/2024,1600,31.7,31.7,30.1,66.0,73.0,66.0,24.5,25.3,23.5,997.8,998.7,997.8,1.5,291.0,4.1,2500.7,0.0,Ariquemes
21/01/2024,1700,31.4,32.2,30.6,64.0,68.0,62.0,23.8,24.6,23.3,996.3,997.8,996.3,1.9,311.0,6.8,2196.9,0.0,Ariquemes
21/01/2024,1800,32.9,33.3,31.3,58.0,65.0,58.0,23.6,25.1,23.2,994.9,996.3,994.9,2.2,328.0,4.7,3388.5,0.0,Ariquemes
21/01/2024,1900,29.7,33.2,28.9,70.0,70.0,57.0,23.6,24.5,22.8,994.0,994.9,994.0,1.7,257.0,5.4,1514.0,0.0,Ariquemes
21/01/2024,2000,29.7,30.9,29.7,70.0,71.0,66.0,23.5,24.2,23.0,993.3,994.0,993.3,1.4,232.0,3.6,1347.7,0.0,Ariquemes
21/01/2024,2100,29.9,30.4,29.6,70.0,72.0,68.0,23.9,24.2,23.2,993.2,993.3,993.0,0.8,220.0,3.1,680.0,0.0,Ariquemes
21/01/2024,2200,29.6,31.3,29.6,76.0,76.0,67.0,25.0,25.0,23.8,993.9,993.9,993.2,1.5,30.0,3.2,407.3,0.0,Ariquemes
21/01/2024,2300,26.0,29.6,26.0,84.0,84.0,76.0,23.0,24.8,22.9,995.9,995.9,993.9,4.7,7.0,8.3,27.9,0.2,Ariquemes
22/01/2024,1100,24.9,25.0,24.5,94.0,95.0,94.0,23.9,24.0,23.5,997.8,997.8,997.2,0.9,177.0,1.6,146.3,0.2,Ariquemes
22/01/2024,1200,25.6,25.6,24.9,92.0,94.0,92.0,24.2,24.4,23.9,998.9,999.0,997.8,0.3,241.0,2.1,472.9,0.0,Ariquemes
22/01/2024,1300,26.6,26.6,25.6,87.0,92.0,87.0,24.4,24.6,24.1,999.7,999.7,998.9,0.8,196.0,1.9,922.8,0.0,Ariquemes
22/01/2024,1400,28.3,28.3,26.7,82.0,87.0,81.0,25.0,25.3,24.2,1000.0,1000.1,999.7,0.7,46.0,2.4,1326.3,0.0,Ariquemes
22/01/2024,1500,28.8,28.8,28.1,79.0,82.0,78.0,24.8,25.3,24.4,999.7,1000.1,999.7,1.3,343.0,3.7,1888.7,0.0,Ariquemes
22/01/2024,1600,29.7,30.3,28.6,73.0,79.0,73.0,24.4,25.4,24.3,999.0,999.7,999.0,2.0,325.0,3.6,2340.8,0.0,Ariquemes
22/01/2024,1700,30.7,31.0,29.6,70.0,75.0,69.0,24.5,25.4,24.0,997.8,999.0,997.8,2.1,289.0,3.7,2340.4,0.0,Ariquemes
22/01/2024,1800,31.9,31.9,30.5,68.0,73.0,65.0,25.3,25.4,23.8,996.2,997.8,996.2,2.1,298.0,4.4,3505.7,0.0,Ariquemes
22/01/2024,1900,32.3,32.6,31.0,63.0,68.0,63.0,24.3,25.2,23.3,994.5,996.2,994.5,2.7,27.0,4.8,2432.7,0.0,Ariquemes
22/01/2024,2000,32.3,32.7,31.5,58.0,65.0,58.0,22.9,24.6,22.9,993.8,994.5,993.8,2.7,359.0,5.0,2384.6,0.0,Ariquemes
22/01/2024,2100,32.1,32.9,32.1,58.0,59.0,54.0,22.8,23.3,22.0,993.3,993.8,993.2,2.2,353.0,4.5,1560.7,0.0,Ariquemes
22/01/2024,2200,29.9,33.2,29.9,71.0,71.0,56.0,24.0,24.0,22.6,993.7,993.7,993.3,1.8,46.0,4.4,531.6,0.0,Ariquemes
22/01/2024,2300,28.2,29.9,28.2,80.0,80.0,71.0,24.4,24.7,23.6,994.7,994.7,993.7,1.0,238.0,2.9,40.8,0.0,Ariquemes
23/01/2024,1100,24.3,24.3,23.5,94.0,94.0,93.0,23.3,23.3,22.4,997.6,997.6,996.4,0.3,178.0,1.4,99.5,0.0,Ariquemes
23/01/2024,1200,26.6,26.6,24.3,88.0,94.0,88.0,24.4,24.7,23.3,998.5,998.5,997.6,0.4,143.0,1.1,651.2,0.0,Ariquemes
23/01/2024,1300,28.6,28.8,26.6,80.0,88.0,79.0,24.7,25.3,24.3,998.7,998.7,998.4,1.1,76.0,2.9,1633.1,0.0,Ariquemes
23/01/2024,1400,29.8,30.7,28.5,74.0,81.0,74.0,24.7,25.8,24.6,998.8,998.8,998.7,1.3,330.0,3.6,2404.2,0.0,Ariquemes
23/01/2024,1500,31.3,31.6,29.7,70.0,76.0,69.0,25.0,26.1,24.7,998.4,998.8,998.4,1.7,291.0,3.5,2330.1,0.0,Ariquemes
23/01/2024,1600,32.8,32.9,31.0,64.0,73.0,64.0,25.0,25.7,24.6,997.3,998.4,997.3,1.2,195.0,3.5,2934.1,0.0,Ariquemes
23/01/2024,1700,26.9,32.9,26.9,76.0,77.0,62.0,22.3,25.4,22.3,996.0,997.3,996.0,4.4,332.0,8.2,2072.8,0.8,Ariquemes
23/01/2024,1800,31.2,31.2,26.7,72.0,82.0,72.0,25.7,25.7,22.1,994.1,996.0,994.1,1.1,279.0,8.2,2057.1,0.8,Ariquemes
23/01/2024,1900,31.4,33.9,31.3,66.0,72.0,61.0,24.2,26.1,24.2,993.0,994.1,993.0,3.3,203.0,6.2,2923.4,0.0,Ariquemes
23/01/2024,2000,26.6,31.4,24.4,89.0,89.0,66.0,24.6,24.6,21.0,992.8,993.7,992.6,0.9,164.0,9.2,491.5,18.6,Ariquemes
23/01/2024,2100,29.2,29.2,26.6,78.0,89.0,77.0,25.0,25.8,24.5,992.7,993.0,992.6,0.6,325.0,2.3,988.4,0.0,Ariquemes
23/01/2024,2200,29.0,30.0,28.7,81.0,83.0,76.0,25.5,26.0,25.0,993.5,993.5,992.7,0.6,258.0,2.0,436.8,0.0,Ariquemes
23/01/2024,2300,27.4,29.0,27.4,84.0,84.0,80.0,24.4,25.5,24.0,994.4,994.4,993.5,0.3,252.0,4.4,60.1,0.0,Ariquemes
24/01/2024,1100,25.0,25.1,24.9,94.0,94.0,94.0,24.0,24.2,23.9,996.8,996.8,995.9,0.6,171.0,1.3,35.9,0.0,Ariquemes
24/01/2024,1200,25.5,25.5,25.0,94.0,94.0,93.0,24.5,24.5,24.1,997.6,997.6,996.8,0.7,54.0,1.3,246.0,0.4,Ariquemes
24/01/2024,1300,26.3,26.3,25.5,91.0,94.0,91.0,24.7,25.0,24.4,998.2,998.2,997.6,2.1,356.0,2.8,650.6,0.2,Ariquemes
24/01/2024,1400,27.6,27.9,26.3,83.0,92.0,83.0,24.4,25.3,24.4,998.5,998.5,998.2,2.1,7.0,4.1,1568.3,0.0,Ariquemes
24/01/2024,1500,28.2,28.2,27.6,80.0,84.0,79.0,24.4,25.1,23.9,998.2,998.5,998.2,2.4,336.0,3.9,1336.9,0.0,Ariquemes
24/01/2024,1600,29.6,29.9,28.2,75.0,80.0,73.0,24.7,25.1,24.1,997.0,998.2,997.0,2.2,343.0,4.4,3040.0,0.0,Ariquemes
24/01/2024,1700,30.0,30.9,29.6,69.0,75.0,68.0,23.6,25.6,23.6,996.0,997.0,995.9,2.5,343.0,9.1,2883.7,0.0,Ariquemes
24/01/2024,1800,25.7,29.9,25.5,88.0,88.0,68.0,23.6,23.6,22.7,995.3,996.0,995.3,2.0,200.0,9.1,489.2,2.0,Ariquemes
24/01/2024,1900,26.5,26.9,25.7,87.0,88.0,86.0,24.0,24.8,23.6,994.5,995.3,994.5,1.8,251.0,4.3,685.8,0.0,Ariquemes
24/01/2024,2000,25.7,26.5,25.6,89.0,90.0,87.0,23.8,24.2,23.6,993.9,994.5,993.8,1.7,302.0,4.3,358.5,0.6,Ariquemes
24/01/2024,2100,25.6,25.7,25.5,89.0,90.0,89.0,23.6,23.9,23.5,993.6,993.9,993.5,0.8,278.0,3.1,252.0,0.0,Ariquemes
24/01/2024,2200,25.4,25.6,25.4,90.0,90.0,88.0,23.6,23.7,23.5,994.2,994.2,993.6,0.6,277.0,2.8,101.9,0.2,Ariquemes
24/01/2024,2300,25.1,25.4,25.1,92.0,92.0,90.0,23.8,23.9,23.5,995.3,995.3,994.2,0.9,70.0,1.9,10.9,0.2,Ariquemes
25/01/2024,1100,24.4,24.4,24.0,95.0,95.0,95.0,23.6,23.6,23.2,996.0,996.0,995.1,0.8,187.0,1.4,89.9,0.0,Ariquemes
25/01/2024,1200,25.0,25.0,24.3,94.0,95.0,94.0,24.0,24.1,23.5,996.9,996.9,996.0,0.6,207.0,1.4,404.3,0.0,Ariquemes
25/01/2024,1300,26.8,26.8,25.0,88.0,94.0,88.0,24.6,24.9,23.9,997.3,997.3,996.9,0.5,220.0,1.9,979.0,0.0,Ariquemes
25/01/2024,1400,27.9,27.9,26.8,84.0,88.0,83.0,24.9,25.1,24.4,997.4,997.5,997.3,0.8,208.0,2.3,1436.6,0.0,Ariquemes
25/01/2024,1500,29.8,30.1,27.9,75.0,84.0,75.0,24.9,25.5,24.5,997.2,997.5,997.2,1.4,226.0,2.9,2273.2,0.0,Ariquemes
25/01/2024,1600,30.9,30.9,29.7,71.0,77.0,71.0,24.9,25.6,24.5,996.4,997.2,996.4,1.0,203.0,3.1,2327.1,0.0,Ariquemes
25/01/2024,1700,31.5,31.7,30.3,68.0,73.0,66.0,24.8,25.7,23.9,994.9,996.4,994.9,3.0,7.0,5.7,3199.1,0.0,Ariquemes
25/01/2024,1800,29.9,31.5,26.7,77.0,84.0,67.0,25.5,25.8,22.6,993.9,994.8,993.8,2.3,345.0,7.7,1363.9,0.4,Ariquemes
25/01/2024,1900,26.1,30.7,26.1,84.0,84.0,69.0,23.1,25.4,23.0,993.6,994.0,993.6,2.5,270.0,10.4,1296.3,0.0,Ariquemes
25/01/2024,2000,25.8,26.2,25.7,88.0,88.0,83.0,23.6,23.7,23.0,993.0,993.7,993.0,2.1,208.0,5.4,462.1,0.6,Ariquemes
25/01/2024,2100,26.0,26.1,25.8,89.0,90.0,88.0,24.1,24.2,23.6,993.3,993.3,992.8,1.3,212.0,4.3,471.2,0.0,Ariquemes
25/01/2024,2200,25.9,26.1,25.8,89.0,90.0,89.0,24.0,24.3,23.9,994.1,994.1,993.3,0.9,212.0,4.5,224.0,0.0,Ariquemes
25/01/2024,2300,25.6,25.9,25.6,90.0,90.0,89.0,23.8,24.0,23.8,995.1,995.1,994.1,0.9,217.0,3.3,23.4,0.0,Ariquemes
26/01/2024,1100,24.8,24.9,24.6,95.0,95.0,95.0,23.9,24.0,23.7,997.1,997.1,996.1,1.4,12.0,2.0,77.2,0.0,Ariquemes
26/01/2024,1200,25.5,25.6,24.8,92.0,95.0,92.0,24.0,24.4,23.9,997.7,997.8,997.1,2.5,4.0,4.0,541.1,0.0,Ariquemes
26/01/2024,1300,26.5,26.6,25.4,88.0,92.0,88.0,24.4,24.6,23.9,998.2,998.2,997.7,2.2,2.0,4.4,904.0,0.0,Ariquemes
26/01/2024,1400,27.8,27.8,26.5,83.0,89.0,83.0,24.6,24.8,24.2,998.1,998.3,998.1,2.8,359.0,5.0,1167.5,0.0,Ariquemes
26/01/2024,1500,28.7,28.7,27.8,79.0,83.0,79.0,24.6,24.9,24.2,997.7,998.1,997.7,2.3,356.0,5.0,1636.7,0.0,Ariquemes
26/01/2024,1600,30.0,30.2,28.2,75.0,80.0,72.0,25.0,25.2,24.1,997.1,997.7,997.1,2.6,352.0,5.5,2107.0,0.0,Ariquemes
26/01/2024,1700,30.8,31.3,29.7,70.0,75.0,69.0,24.7,25.5,24.2,996.0,997.1,996.0,2.7,335.0,4.8,2965.6,0.0,Ariquemes
26/01/2024,1800,30.5,31.2,30.2,71.0,73.0,69.0,24.6,25.5,24.4,994.4,996.0,994.4,2.9,341.0,5.8,2198.4,0.0,Ariquemes
26/01/2024,1900,29.5,30.8,29.1,74.0,76.0,70.0,24.4,25.3,23.4,993.3,994.4,993.3,1.8,237.0,5.0,1623.3,0.2,Ariquemes
26/01/2024,2000,28.7,31.0,28.6,81.0,82.0,70.0,25.2,25.3,24.2,992.7,993.3,992.6,1.4,118.0,4.2,1730.1,0.6,Ariquemes
26/01/2024,2100,27.1,28.8,27.1,86.0,86.0,81.0,24.6,25.4,24.5,993.1,993.1,992.5,1.3,92.0,4.6,619.0,0.4,Ariquemes
26/01/2024,2200,26.2,27.2,26.2,90.0,91.0,86.0,24.5,25.0,24.4,994.1,994.1,993.1,1.0,161.0,2.7,86.0,2.6,Ariquemes
26/01/2024,2300,25.4,26.2,25.4,91.0,91.0,90.0,23.8,24.6,23.8,995.1,995.1,994.1,0.9,193.0,3.2,10.3,0.0,Ariquemes
27/01/2024,1100,24.5,24.5,23.9,95.0,95.0,94.0,23.6,23.6,23.0,996.9,996.9,996.0,0.8,25.0,1.4,131.6,0.0,Ariquemes
27/01/2024,1200,25.4,25.4,24.4,93.0,95.0,93.0,24.2,24.2,23.4,997.9,997.9,996.9,0.8,337.0,1.6,550.5,0.0,Ariquemes
27/01/2024,1300,27.6,27.6,25.4,87.0,93.0,87.0,25.3,25.6,24.1,998.4,998.4,997.9,1.9,339.0,3.7,1490.9,0.0,Ariquemes
27/01/2024,1400,28.4,28.4,27.3,82.0,88.0,82.0,25.1,25.3,24.4,998.6,998.7,998.4,2.1,311.0,4.4,1529.1,0.0,Ariquemes
27/01/2024,1500,29.3,29.3,28.1,77.0,82.0,77.0,24.8,25.2,24.5,998.2,998.7,998.2,2.0,313.0,4.2,2263.3,0.0,Ariquemes
27/01/2024,1600,30.4,30.4,29.2,72.0,77.0,70.0,24.7,25.6,24.0,997.4,998.2,997.4,1.6,304.0,5.0,2788.2,0.0,Ariquemes
27/01/2024,1700,31.2,31.4,29.8,67.0,74.0,66.0,24.4,25.7,23.8,996.0,997.4,996.0,1.7,299.0,4.3,2190.8,0.0,Ariquemes
27/01/2024,1800,31.9,32.3,31.0,64.0,69.0,63.0,24.3,25.1,23.9,994.7,996.0,994.7,1.3,254.0,3.7,2615.4,0.0,Ariquemes
27/01/2024,1900,32.0,32.6,31.5,61.0,66.0,60.0,23.4,25.1,23.0,993.8,994.7,993.8,0.9,294.0,2.8,1983.6,0.0,Ariquemes
27/01/2024,2000,30.5,32.3,30.1,69.0,71.0,61.0,24.1,24.6,23.5,993.2,993.8,993.2,4.5,27.0,6.9,1482.2,0.0,Ariquemes
27/01/2024,2100,29.8,30.8,29.5,74.0,76.0,66.0,24.8,25.6,23.7,992.4,993.3,992.3,3.6,26.0,8.0,2004.5,0.0,Ariquemes
27/01/2024,2200,28.6,29.8,28.6,77.0,80.0,74.0,24.2,25.4,24.2,993.1,993.1,992.4,1.7,36.0,5.5,521.4,0.0,Ariquemes
27/01/2024,2300,27.0,28.6,27.0,82.0,82.0,76.0,23.8,23.8,23.5,994.1,994.1,993.1,1.2,46.0,3.5,65.1,0.0,Ariquemes
28/01/2024,1100,25.1,25.1,24.8,94.0,94.0,94.0,24.0,24.0,23.8,997.6,997.6,996.9,0.6,39.0,1.6,74.3,0.0,Ariquemes
28/01/2024,1200,25.7,25.7,25.1,92.0,94.0,92.0,24.3,24.4,23.9,998.5,998.5,997.6,1.9,47.0,3.0,362.8,0.0,Ariquemes
28/01/2024,1300,26.3,26.4,25.7,88.0,92.0,87.0,24.1,24.5,24.0,999.3,999.3,998.5,2.1,28.0,3.8,724.6,0.0,Ariquemes
28/01/2024,1400,26.9,27.3,26.3,85.0,88.0,84.0,24.2,24.6,24.0,999.7,999.7,999.3,2.3,27.0,3.9,1072.4,0.0,Ariquemes
28/01/2024,1500,28.2,28.2,27.0,81.0,85.0,80.0,24.5,24.9,24.0,999.3,999.7,999.3,2.8,9.0,5.0,1386.0,0.0,Ariquemes
28/01/2024,1600,28.9,29.7,28.1,76.0,81.0,74.0,24.2,25.3,23.9,998.7,999.3,998.7,2.6,5.0,5.1,2259.6,0.0,Ariquemes
28/01/2024,1700,31.6,31.6,28.9,71.0,77.0,67.0,25.6,25.6,23.7,997.6,998.7,997.6,1.9,6.0,4.9,3257.3,0.0,Ariquemes
28/01/2024,1800,31.7,32.3,30.8,63.0,70.0,62.0,23.9,25.1,23.4,996.4,997.6,996.4,1.6,351.0,4.7,2869.1,0.0,Ariquemes
28/01/2024,1900,32.0,33.0,31.7,60.0,64.0,58.0,23.3,24.5,23.1,995.3,996.4,995.3,1.3,73.0,3.1,2652.4,0.0,Ariquemes
28/01/2024,2000,27.1,32.6,27.1,77.0,77.0,60.0,22.7,24.3,22.3,995.7,995.7,995.2,7.3,73.0,14.3,1423.0,0.0,Ariquemes
28/01/2024,2100,26.5,27.1,26.3,81.0,82.0,77.0,23.1,23.6,22.5,995.8,995.8,995.5,5.1,73.0,13.5,996.1,0.0,Ariquemes
28/01/2024,2200,25.6,26.5,25.6,84.0,84.0,81.0,22.8,23.1,22.7,996.1,996.1,995.7,5.0,64.0,10.5,454.2,0.0,Ariquemes
28/01/2024,2300,24.6,25.6,24.6,89.0,89.0,84.0,22.6,22.8,22.5,996.2,996.3,996.1,3.5,41.0,8.6,50.5,0.0,Ariquemes
29/01/2024,1100,23.8,23.9,23.4,93.0,94.0,93.0,22.5,22.7,22.3,998.8,998.8,997.9,0.6,59.0,1.7,80.9,0.0,Ariquemes
29/01/2024,1200,24.6,24.6,23.8,91.0,93.0,90.0,23.0,23.0,22.5,999.8,999.8,998.8,1.3,42.0,2.6,301.4,0.0,Ariquemes
29/01/2024,1300,26.8,26.8,24.6,82.0,91.0,82.0,23.5,23.9,22.8,1000.4,1000.4,999.8,1.3,83.0,3.6,1298.7,0.0,Ariquemes
29/01/2024,1400,27.1,27.2,26.7,79.0,84.0,78.0,23.1,24.0,22.7,1000.4,1000.5,1000.3,1.8,58.0,3.8,1736.4,0.0,Ariquemes
29/01/2024,1500,28.0,28.2,27.0,74.0,80.0,73.0,23.0,23.6,22.6,1000.1,1000.4,1000.1,1.1,353.0,4.2,1613.8,0.0,Ariquemes
29/01/2024,1600,29.4,29.5,27.7,69.0,75.0,69.0,23.2,23.7,22.6,999.4,1000.1,999.4,2.3,342.0,4.1,2430.2,0.0,Ariquemes
29/01/2024,1700,30.5,31.0,28.9,64.0,72.0,63.0,22.8,24.1,22.5,998.4,999.4,998.4,1.4,314.0,4.3,3127.1,0.0,Ariquemes
29/01/2024,1800,30.8,31.4,30.1,63.0,66.0,60.0,22.9,24.0,22.2,997.4,998.4,997.4,1.9,26.0,4.2,2790.8,0.0,Ariquemes
29/01/2024,1900,32.0,32.2,30.8,57.0,63.0,56.0,22.5,23.6,21.9,995.9,997.4,995.9,1.7,324.0,3.9,3070.5,0.0,Ariquemes
29/01/2024,2000,31.2,32.8,31.2,59.0,59.0,55.0,22.1,23.2,21.8,994.8,995.9,994.8,1.5,35.0,3.8,2399.1,0.0,Ariquemes
29/01/2024,2100,31.9,32.4,31.1,57.0,61.0,55.0,22.2,22.9,21.9,994.0,994.8,994.0,0.7,264.0,3.1,1434.3,0.0,Ariquemes
29/01/2024,2200,30.9,32.0,30.9,64.0,64.0,56.0,23.2,23.2,21.9,994.1,994.1,993.8,0.7,91.0,1.7,560.4,0.0,Ariquemes
29/01/2024,2300,28.0,30.9,28.0,76.0,76.0,64.0,23.4,24.0,23.0,994.5,994.5,994.1,0.4,98.0,1.2,73.1,0.0,Ariquemes
30/01/2024,1100,25.4,25.4,24.2,92.0,94.0,92.0,24.1,24.2,23.2,997.0,997.0,995.8,0.6,175.0,1.7,172.5,0.0,Ariquemes
30/01/2024,1200,27.8,27.9,25.4,84.0,92.0,84.0,24.9,25.1,24.0,997.9,997.9,997.0,0.8,81.0,2.0,976.3,0.0,Ariquemes
30/01/2024,1300,30.0,30.0,27.6,74.0,85.0,74.0,24.8,25.2,24.4,998.4,998.4,997.9,1.9,78.0,3.6,1858.9,0.0,Ariquemes
30/01/2024,1400,31.7,31.7,30.0,66.0,75.0,66.0,24.5,25.3,24.0,998.7,998.8,998.4,2.4,70.0,5.1,2614.1,0.0,Ariquemes
30/01/2024,1500,31.7,32.9,31.2,62.0,67.0,60.0,23.5,25.0,23.1,998.4,998.7,998.4,2.3,28.0,5.0,3042.7,0.0,Ariquemes
30/01/2024,1600,32.6,33.2,31.3,59.0,64.0,56.0,23.4,24.3,22.9,997.6,998.4,997.6,2.8,32.0,7.0,2781.1,0.0,Ariquemes
30/01/2024,1700,32.8,34.2,32.5,54.0,60.0,52.0,22.4,24.5,22.1,995.9,997.6,995.9,2.6,27.0,4.9,3109.0,0.0,Ariquemes
30/01/2024,1800,32.4,34.3,32.4,57.0,57.0,52.0,22.7,24.1,22.1,994.8,995.9,994.8,3.5,34.0,5.7,2645.9,0.0,Ariquemes
30/01/2024,1900,31.4,33.0,31.4,65.0,65.0,55.0,24.0,25.2,22.9,993.6,994.8,993.6,1.7,125.0,5.7,1546.4,0.0,Ariquemes
30/01/2024,2000,32.1,33.2,31.2,62.0,68.0,61.0,23.9,25.4,23.2,992.8,993.6,992.8,1.4,333.0,5.0,1817.2,0.0,Ariquemes
30/01/2024,2100,32.2,33.3,31.9,63.0,66.0,58.0,24.3,24.8,23.9,992.5,992.8,992.4,2.4,69.0,4.9,1233.6,0.0,Ariquemes
30/01/2024,2200,29.5,32.5,29.5,72.0,72.0,60.0,23.9,24.6,23.4,993.3,993.3,992.3,2.9,44.0,7.3,625.4,0.0,Ariquemes
30/01/2024,2300,27.6,29.5,27.6,79.0,80.0,72.0,23.7,24.0,23.7,993.9,993.9,993.2,1.1,31.0,4.5,33.1,0.0,Ariquemes
31/01/2024,1100,25.0,25.0,24.3,94.0,94.0,94.0,23.9,23.9,23.2,996.9,996.9,995.7,0.6,187.0,1.6,79.9,0.0,Ariquemes
31/01/2024,1200,25.8,25.8,25.0,92.0,94.0,92.0,24.4,24.4,23.9,997.8,997.8,996.9,0.8,77.0,1.6,324.7,0.0,Ariquemes
31/01/2024,1300,27.1,27.1,25.8,90.0,93.0,88.0,25.3,25.3,24.4,998.1,998.1,997.8,1.2,184.0,2.2,619.4,0.0,Ariquemes
31/01/2024,1400,30.6,30.8,27.1,74.0,90.0,73.0,25.4,26.3,25.0,998.0,998.1,997.9,0.9,115.0,3.2,2914.7,0.0,Ariquemes
31/01/2024,1500,31.0,31.3,29.9,69.0,75.0,68.0,24.5,25.4,24.1,997.6,998.0,997.5,1.7,3.0,3.3,2289.1,0.0,Ariquemes
31/01/2024,1600,32.1,32.3,30.8,63.0,71.0,62.0,24.1,25.5,24.1,996.8,997.6,996.8,2.0,48.0,4.4,2786.3,0.0,Ariquemes
31/01/2024,1700,33.2,33.2,31.5,62.0,68.0,60.0,24.9,25.5,23.7,994.9,996.8,994.9,1.2,118.0,5.4,2875.9,0.0,Ariquemes
31/01/2024,1800,33.1,33.4,32.2,59.0,63.0,56.0,24.0,25.2,23.2,993.7,994.9,993.7,1.0,128.0,5.3,1747.4,0.0,Ariquemes
31/01/2024,1900,31.7,33.1,29.7,66.0,76.0,58.0,24.6,25.3,22.8,992.9,993.7,992.9,0.7,70.0,4.5,1123.1,0.6,Ariquemes
31/01/2024,2000,30.8,32.6,30.0,68.0,68.0,60.0,24.2,24.9,22.8,992.7,992.9,992.7,2.3,320.0,6.8,1481.8,0.0,Ariquemes
31/01/2024,2100,32.7,32.8,30.3,57.0,68.0,57.0,23.0,24.4,22.8,992.5,992.7,992.3,0.8,328.0,4.3,1336.7,0.0,Ariquemes
31/01/2024,2200,30.3,32.7,30.3,70.0,70.0,56.0,24.2,24.6,22.6,993.0,993.1,992.5,1.2,34.0,2.0,397.0,0.0,Ariquemes
31/01/2024,2300,28.0,30.3,28.0,77.0,78.0,67.0,23.6,24.7,23.1,993.5,993.6,993.0,0.7,145.0,2.7,47.1,0.0,Ariquemes
01/02/2024,600,22.4,24.7,22.2,94.0,94.0,89.0,21.5,23.4,21.3,996.9,998.5,996.7,1.0,225.0,10.0,1.1,33.6,Ariquemes
01/02/2024,1100,23.4,23.5,23.4,95.0,95.0,95.0,22.5,22.6,22.5,998.3,998.3,997.3,0.4,248.0,3.9,3.8,4.8,Ariquemes
01/02/2024,1200,23.1,23.4,23.0,95.0,95.0,95.0,22.3,22.4,22.1,998.7,998.7,998.3,0.6,17.0,2.5,29.8,4.4,Ariquemes
01/02/2024,1300,23.3,23.3,23.1,95.0,95.0,95.0,22.4,22.4,22.3,999.7,999.7,998.7,0.5,153.0,1.9,112.4,1.4,Ariquemes
01/02/2024,1400,24.1,24.1,23.3,95.0,95.0,94.0,23.2,23.2,22.5,1000.6,1000.6,999.7,0.7,113.0,2.8,380.5,0.2,Ariquemes
01/02/2024,1500,24.5,24.5,24.1,94.0,95.0,94.0,23.4,23.5,23.1,1000.1,1000.7,1000.1,1.4,41.0,2.3,383.2,2.8,Ariquemes
01/02/2024,1600,25.0,25.0,24.5,91.0,94.0,90.0,23.4,23.7,23.1,999.8,1000.2,999.8,0.8,3.0,2.6,781.7,0.6,Ariquemes
01/02/2024,1700,25.9,25.9,25.0,89.0,92.0,88.0,23.9,23.9,23.5,998.9,999.8,998.9,0.8,63.0,2.7,1102.0,0.2,Ariquemes
01/02/2024,1800,26.6,26.6,25.9,84.0,89.0,83.0,23.8,24.3,23.3,998.0,998.9,998.0,2.3,40.0,3.7,1384.7,0.0,Ariquemes
01/02/2024,1900,27.1,27.1,26.5,81.0,85.0,80.0,23.6,24.1,23.2,997.2,998.0,997.2,2.6,35.0,4.6,1351.6,0.0,Ariquemes
01/02/2024,2000,27.7,28.5,27.1,78.0,83.0,77.0,23.6,24.8,23.3,996.0,997.2,996.0,3.1,26.0,5.1,1873.5,0.0,Ariquemes
01/02/2024,2100,27.5,28.0,27.5,77.0,79.0,76.0,23.1,24.0,22.9,995.7,996.1,995.6,2.4,24.0,4.7,914.5,0.0,Ariquemes
01/02/2024,2200,27.0,27.6,27.0,80.0,80.0,76.0,23.3,23.4,22.9,995.3,995.7,995.3,1.6,345.0,3.7,517.6,0.0,Ariquemes
01/02/2024,2300,25.6,27.0,25.6,85.0,85.0,80.0,22.9,23.3,22.6,994.8,995.3,994.7,0.5,243.0,2.2,59.7,0.0,Ariquemes
02/02/2024,1100,23.7,23.7,23.4,95.0,95.0,95.0,22.7,22.7,22.5,997.5,997.5,996.8,0.4,237.0,1.5,59.5,0.0,Ariquemes
02/02/2024,1200,24.3,24.3,23.7,93.0,95.0,93.0,23.1,23.2,22.7,998.5,998.5,997.5,0.6,232.0,1.8,311.7,0.0,Ariquemes
02/02/2024,1300,25.4,25.7,24.3,88.0,93.0,88.0,23.3,23.9,23.1,998.9,998.9,998.5,0.8,250.0,1.9,748.7,0.0,Ariquemes
02/02/2024,1400,26.8,27.3,25.4,83.0,88.0,81.0,23.6,24.4,23.1,999.3,999.3,998.8,1.7,315.0,3.0,1822.1,0.0,Ariquemes
02/02/2024,1500,28.6,28.7,26.7,76.0,84.0,76.0,23.9,25.1,23.5,998.7,999.3,998.7,1.3,297.0,3.9,2178.2,0.0,Ariquemes
02/02/2024,1600,28.4,30.1,28.1,75.0,78.0,74.0,23.6,25.2,23.4,998.2,998.7,998.2,1.7,331.0,5.0,2542.3,0.0,Ariquemes
02/02/2024,1700,29.4,29.4,28.4,71.0,77.0,70.0,23.7,24.4,23.2,996.8,998.2,996.8,0.7,253.0,3.4,1564.2,0.0,Ariquemes
02/02/2024,1800,28.2,29.9,28.1,78.0,84.0,70.0,24.0,25.5,23.5,995.7,996.8,995.7,4.2,67.0,6.8,2159.0,0.0,Ariquemes
02/02/2024,1900,29.9,30.0,27.8,71.0,80.0,70.0,24.0,24.6,23.3,994.3,995.7,994.3,3.0,57.0,6.8,2276.0,0.0,Ariquemes
02/02/2024,2000,28.4,30.2,28.4,75.0,75.0,69.0,23.4,24.6,23.0,993.7,994.4,993.7,2.3,33.0,5.2,1618.7,0.0,Ariquemes
02/02/2024,2100,27.7,28.4,27.6,82.0,82.0,75.0,24.4,24.4,23.5,993.8,994.0,993.7,0.1,241.0,3.4,182.9,0.0,Ariquemes
02/02/2024,2200,27.1,27.7,27.1,85.0,85.0,82.0,24.4,24.6,24.2,994.0,994.0,993.8,0.8,224.0,1.8,72.9,0.0,Ariquemes
02/02/2024,2300,25.5,27.1,25.5,87.0,87.0,83.0,23.1,24.4,23.1,993.7,994.1,993.6,1.0,226.0,4.6,12.8,0.0,Ariquemes
03/02/2024,1100,24.6,24.6,24.4,95.0,95.0,95.0,23.8,23.8,23.5,996.5,996.5,995.5,0.9,210.0,1.3,61.7,0.0,Ariquemes
03/02/2024,1200,25.6,25.6,24.6,94.0,95.0,94.0,24.6,24.6,23.8,997.2,997.2,996.5,1.1,178.0,2.0,479.2,0.0,Ariquemes
03/02/2024,1300,28.2,28.3,25.6,83.0,94.0,83.0,25.1,25.5,24.5,997.7,997.7,997.2,1.5,103.0,3.1,1723.9,0.0,Ariquemes
03/02/2024,1400,29.6,29.7,28.1,75.0,85.0,75.0,24.7,25.6,24.5,997.7,997.9,997.7,2.4,58.0,5.2,2338.9,0.0,Ariquemes
03/02/2024,1500,30.3,30.3,29.2,69.0,77.0,68.0,24.1,25.0,23.1,997.4,997.8,997.4,2.5,56.0,5.6,2411.4,0.0,Ariquemes
03/02/2024,1600,29.4,30.7,29.3,69.0,74.0,66.0,23.0,24.4,22.9,996.5,997.4,996.5,2.5,24.0,4.8,1911.1,0.0,Ariquemes
03/02/2024,1700,32.1,32.1,29.4,67.0,72.0,65.0,25.1,25.2,23.4,995.1,996.5,995.1,2.0,74.0,5.8,2564.3,0.0,Ariquemes
03/02/2024,1800,30.1,32.1,30.1,71.0,72.0,63.0,24.1,24.8,23.3,994.1,995.1,994.1,1.5,121.0,5.1,2255.3,0.0,Ariquemes
03/02/2024,1900,30.7,31.0,29.9,69.0,72.0,68.0,24.4,25.0,23.7,993.0,994.1,992.9,1.1,48.0,3.0,1695.0,0.0,Ariquemes
03/02/2024,2000,31.5,31.5,30.4,65.0,71.0,63.0,24.2,25.2,23.3,992.0,993.0,992.0,1.3,104.0,3.9,1726.4,0.0,Ariquemes
03/02/2024,2100,28.6,32.5,28.2,76.0,76.0,62.0,23.9,24.8,23.3,991.8,992.0,991.7,4.4,29.0,8.6,1517.1,0.0,Ariquemes
03/02/2024,2200,27.0,28.7,27.0,81.0,81.0,75.0,23.5,24.0,23.1,992.4,992.4,991.8,1.8,41.0,7.1,439.0,0.0,Ariquemes
03/02/2024,2300,26.0,27.0,26.0,87.0,87.0,81.0,23.7,23.8,23.5,993.2,993.2,992.4,2.0,49.0,3.1,49.0,0.0,Ariquemes
04/02/2024,1100,23.8,23.9,23.4,94.0,95.0,94.0,22.8,23.0,22.5,996.0,996.0,995.2,1.2,188.0,3.0,91.3,0.0,Ariquemes
04/02/2024,1200,25.0,25.0,23.8,93.0,94.0,92.0,23.7,23.8,22.8,997.4,997.4,996.0,1.2,189.0,2.8,408.6,0.0,Ariquemes
04/02/2024,1300,26.5,27.0,25.0,86.0,92.0,84.0,23.9,24.6,23.7,998.3,998.3,997.4,1.5,113.0,5.0,1175.6,0.0,Ariquemes
04/02/2024,1400,28.0,28.0,26.5,81.0,86.0,81.0,24.5,24.5,23.8,998.1,998.3,998.0,1.6,124.0,3.7,1565.7,0.0,Ariquemes
04/02/2024,1500,26.7,28.2,26.7,81.0,82.0,79.0,23.2,24.6,23.2,998.1,998.2,998.1,2.6,42.0,5.1,1241.8,0.0,Ariquemes
04/02/2024,1600,26.9,26.9,25.9,85.0,86.0,81.0,24.2,24.2,23.1,997.2,998.1,997.2,1.8,333.0,5.1,1129.1,0.0,Ariquemes
04/02/2024,1700,26.2,29.3,26.1,83.0,85.0,75.0,23.1,25.2,22.6,997.0,997.2,996.7,3.3,73.0,10.1,2531.5,0.0,Ariquemes
04/02/2024,1800,27.3,29.2,26.2,77.0,83.0,73.0,22.9,24.3,22.7,996.2,997.0,996.1,5.6,69.0,9.3,2039.2,0.0,Ariquemes
04/02/2024,1900,25.4,28.0,25.4,81.0,81.0,75.0,21.9,23.6,21.9,995.9,996.2,995.9,7.2,50.0,11.7,1353.4,0.0,Ariquemes
04/02/2024,2000,25.0,25.4,24.8,85.0,85.0,81.0,22.3,22.4,21.9,995.5,995.9,995.3,4.5,43.0,10.7,591.6,0.0,Ariquemes
04/02/2024,2100,24.1,25.0,24.1,89.0,89.0,84.0,22.1,22.4,21.8,996.4,996.4,995.5,1.9,92.0,7.1,209.5,0.4,Ariquemes
04/02/2024,2200,23.6,24.1,23.5,92.0,92.0,89.0,22.1,22.2,21.9,996.1,996.6,996.1,1.1,56.0,3.6,50.3,0.4,Ariquemes
04/02/2024,2300,23.3,23.6,23.3,92.0,92.0,92.0,21.9,22.2,21.9,995.4,996.2,995.4,2.7,341.0,4.1,4.8,1.0,Ariquemes
05/02/2024,1100,22.7,22.7,22.6,95.0,95.0,95.0,21.9,21.9,21.7,996.6,996.8,996.5,0.8,213.0,2.6,35.4,0.0,Ariquemes
05/02/2024,1200,23.1,23.1,22.7,94.0,95.0,94.0,22.1,22.2,21.9,997.0,997.0,996.4,2.1,186.0,4.9,216.4,0.2,Ariquemes
05/02/2024,1300,24.5,24.5,23.1,90.0,94.0,90.0,22.9,22.9,22.1,998.2,998.2,997.0,0.5,178.0,4.6,680.6,0.0,Ariquemes
05/02/2024,1400,25.9,25.9,24.5,85.0,91.0,84.0,23.1,23.2,22.6,998.4,998.4,998.2,1.5,206.0,2.6,1306.8,0.0,Ariquemes
05/02/2024,1500,26.9,26.9,25.9,81.0,85.0,80.0,23.3,23.4,22.8,998.1,998.4,998.1,1.4,177.0,3.5,1260.5,0.0,Ariquemes
05/02/2024,1600,27.2,27.3,26.7,78.0,81.0,78.0,23.1,23.6,22.9,997.7,998.1,997.7,1.5,183.0,3.5,1168.6,0.0,Ariquemes
05/02/2024,1700,27.9,28.3,27.2,76.0,79.0,75.0,23.2,23.7,22.8,997.2,997.7,997.2,2.0,127.0,3.5,1580.2,0.0,Ariquemes
05/02/2024,1800,28.1,28.3,27.7,75.0,78.0,74.0,23.2,23.7,23.1,996.5,997.2,996.4,1.3,167.0,4.0,1251.2,0.0,Ariquemes
05/02/2024,1900,29.3,29.3,28.0,71.0,77.0,71.0,23.6,24.2,23.2,995.2,996.5,995.2,1.0,91.0,3.1,1920.8,0.0,Ariquemes
05/02/2024,2000,30.1,30.3,29.1,66.0,73.0,66.0,23.2,24.2,23.2,993.6,995.2,993.6,1.1,147.0,3.5,2209.3,0.0,Ariquemes
05/02/2024,2100,30.1,31.0,30.1,67.0,69.0,65.0,23.2,24.0,23.1,993.1,993.6,993.0,1.6,141.0,3.6,1684.0,0.0,Ariquemes
05/02/2024,2200,29.6,30.1,29.5,71.0,71.0,67.0,23.8,24.1,23.1,993.0,993.1,992.8,1.5,95.0,3.6,671.8,0.0,Ariquemes
05/02/2024,2300,26.7,29.6,26.7,79.0,79.0,70.0,22.7,23.6,22.7,993.7,993.7,993.0,0.6,127.0,3.1,40.5,0.0,Ariquemes
06/02/2024,1100,23.9,23.9,23.3,94.0,94.0,94.0,22.9,22.9,22.3,997.0,997.0,996.1,0.4,144.0,1.1,104.9,0.0,Ariquemes
06/02/2024,1200,26.1,26.5,23.9,86.0,94.0,84.0,23.6,24.0,23.0,998.1,998.1,997.0,0.9,144.0,2.6,830.2,0.0,Ariquemes
06/02/2024,1300,27.9,27.9,26.1,78.0,86.0,78.0,23.7,24.2,23.4,998.8,998.8,998.1,1.1,129.0,2.6,1251.0,0.0,Ariquemes
06/02/2024,1400,29.9,29.9,27.8,73.0,79.0,73.0,24.6,24.7,23.4,998.9,998.9,998.7,0.7,145.0,3.3,1586.2,0.0,Ariquemes
06/02/2024,1500,31.4,31.4,29.8,67.0,74.0,65.0,24.6,25.2,24.0,998.6,999.0,998.6,2.1,164.0,4.0,3173.5,0.0,Ariquemes
06/02/2024,1600,32.8,33.0,31.4,61.0,67.0,61.0,24.2,25.2,24.0,998.0,998.6,998.0,1.6,249.0,4.9,3333.3,0.0,Ariquemes
06/02/2024,1700,33.3,33.8,32.6,58.0,64.0,55.0,24.0,25.1,22.8,997.2,998.0,997.2,1.5,54.0,4.3,3562.5,0.0,Ariquemes
06/02/2024,1800,34.0,34.4,33.0,55.0,60.0,53.0,23.7,24.5,22.9,995.4,997.2,995.4,2.0,78.0,4.5,2927.9,0.0,Ariquemes
06/02/2024,1900,33.8,34.3,32.3,56.0,60.0,53.0,23.9,24.3,22.2,993.8,995.4,993.7,1.9,138.0,6.4,2650.7,0.0,Ariquemes
06/02/2024,2000,27.1,34.4,26.7,75.0,75.0,53.0,22.3,24.0,20.9,992.9,993.8,992.9,2.4,247.0,7.5,1390.8,4.8,Ariquemes
06/02/2024,2100,29.3,29.7,27.1,77.0,79.0,74.0,24.8,25.1,22.4,992.3,992.9,992.1,1.0,234.0,4.7,903.8,0.0,Ariquemes
06/02/2024,2200,28.4,29.3,28.4,80.0,80.0,76.0,24.7,25.1,24.4,992.9,992.9,992.3,1.5,219.0,3.5,238.1,0.2,Ariquemes
06/02/2024,2300,27.6,28.4,27.6,83.0,83.0,80.0,24.4,24.7,24.3,994.0,994.0,992.9,1.2,217.0,3.7,34.1,0.0,Ariquemes
07/02/2024,1100,23.0,24.9,23.0,91.0,94.0,91.0,21.5,23.9,21.5,999.2,999.2,996.7,7.4,56.0,17.5,0.6,10.6,Ariquemes
07/02/2024,1200,22.0,23.0,21.7,97.0,97.0,91.0,21.4,21.5,21.1,999.8,999.9,999.1,2.0,36.0,17.5,7.9,34.8,Ariquemes
07/02/2024,1300,22.3,22.3,22.0,96.0,97.0,96.0,21.7,21.7,21.4,1000.1,1000.1,999.8,2.7,49.0,5.7,30.4,4.8,Ariquemes
07/02/2024,1400,22.7,22.7,22.3,97.0,97.0,96.0,22.1,22.1,21.7,999.9,1000.2,999.9,0.7,228.0,4.0,147.2,3.4,Ariquemes
07/02/2024,1500,23.2,23.2,22.7,96.0,97.0,96.0,22.6,22.6,22.1,999.8,1000.0,999.8,0.8,197.0,2.3,346.5,0.6,Ariquemes
07/02/2024,1600,24.5,24.5,23.2,96.0,96.0,96.0,23.7,23.8,22.6,999.7,1000.0,999.4,3.0,202.0,5.4,872.4,0.0,Ariquemes
07/02/2024,1700,26.3,26.3,24.4,91.0,96.0,91.0,24.8,24.9,23.7,999.3,1000.1,999.3,1.8,186.0,5.4,1905.0,0.0,Ariquemes
07/02/2024,1800,27.2,27.2,26.2,87.0,92.0,87.0,24.8,25.3,24.5,997.0,999.3,997.0,1.2,198.0,3.7,1788.8,0.0,Ariquemes
07/02/2024,1900,29.0,29.0,27.1,80.0,88.0,80.0,25.2,25.8,24.7,995.1,997.0,995.1,0.9,188.0,3.3,2659.2,0.0,Ariquemes
07/02/2024,2000,29.6,29.7,28.7,75.0,80.0,75.0,24.6,25.6,24.6,994.3,995.1,994.3,1.4,191.0,2.8,1848.2,0.0,Ariquemes
07/02/2024,2100,28.8,29.5,28.4,75.0,77.0,74.0,23.9,24.6,23.6,994.0,994.3,993.9,1.1,214.0,3.8,957.7,0.0,Ariquemes
07/02/2024,2200,28.1,28.9,28.1,77.0,77.0,75.0,23.7,24.1,23.7,994.2,994.3,994.0,0.4,246.0,2.4,375.4,0.0,Ariquemes
07/02/2024,2300,26.6,28.1,26.6,85.0,85.0,77.0,23.9,24.5,23.7,994.6,994.6,994.2,0.6,261.0,1.6,39.2,0.0,Ariquemes
08/02/2024,1100,24.2,24.2,23.9,95.0,95.0,95.0,23.4,23.4,23.0,996.9,996.9,995.9,0.5,218.0,1.3,74.8,0.0,Ariquemes
08/02/2024,1200,26.3,26.3,24.2,92.0,95.0,91.0,24.9,24.9,23.4,997.7,997.7,996.9,1.4,201.0,2.6,797.0,0.0,Ariquemes
08/02/2024,1300,28.6,28.6,26.4,80.0,92.0,80.0,24.9,25.5,24.7,998.1,998.1,997.7,1.3,220.0,3.0,1967.5,0.0,Ariquemes
08/02/2024,1400,29.9,30.2,28.6,76.0,81.0,73.0,25.3,25.9,24.4,998.2,998.3,998.1,1.1,174.0,2.8,1962.8,0.0,Ariquemes
08/02/2024,1500,31.2,31.5,29.9,68.0,76.0,68.0,24.6,25.6,24.3,997.9,998.2,997.9,1.6,183.0,3.4,2733.2,0.0,Ariquemes
08/02/2024,1600,32.1,32.1,30.8,65.0,71.0,63.0,24.6,25.6,24.1,997.0,997.9,997.0,1.6,359.0,4.2,2774.5,0.0,Ariquemes
08/02/2024,1700,32.4,33.0,32.0,62.0,65.0,61.0,24.2,25.2,24.0,995.1,997.0,995.1,2.0,307.0,5.6,3336.1,0.0,Ariquemes
08/02/2024,1800,32.9,33.3,31.6,57.0,65.0,57.0,23.3,24.6,23.0,993.7,995.1,993.7,2.7,304.0,4.9,1726.8,0.0,Ariquemes
08/02/2024,1900,32.6,33.8,31.3,63.0,68.0,55.0,24.6,25.4,23.1,993.0,993.7,992.9,3.3,338.0,5.9,1942.8,0.0,Ariquemes
08/02/2024,2000,29.7,32.6,29.7,70.0,70.0,61.0,23.6,24.7,23.2,992.8,993.2,992.7,2.4,272.0,7.8,1365.3,0.0,Ariquemes
08/02/2024,2100,29.5,29.7,29.1,70.0,72.0,69.0,23.5,23.8,23.1,992.7,993.0,992.6,0.4,76.0,6.1,856.7,0.0,Ariquemes
08/02/2024,2200,27.5,29.7,27.5,80.0,80.0,70.0,23.7,24.4,23.6,993.6,993.6,992.6,3.9,81.0,9.5,332.9,0.0,Ariquemes
08/02/2024,2300,26.1,27.5,26.1,84.0,84.0,80.0,23.1,23.9,23.1,993.7,993.8,993.6,1.4,55.0,7.1,60.1,0.0,Ariquemes
09/02/2024,1100,24.2,24.2,23.5,95.0,95.0,95.0,23.4,23.4,22.6,995.9,995.9,995.3,0.3,16.0,1.6,88.0,0.0,Ariquemes
09/02/2024,1200,26.2,26.4,24.3,86.0,96.0,86.0,23.8,24.4,23.6,996.8,996.8,995.9,1.6,72.0,2.9,923.3,0.0,Ariquemes
09/02/2024,1300,28.0,28.3,26.2,78.0,87.0,78.0,23.8,24.4,23.7,997.8,997.8,996.8,2.1,70.0,3.6,1569.8,0.0,Ariquemes
09/02/2024,1400,29.4,29.5,28.0,73.0,80.0,72.0,24.1,24.4,23.4,998.3,998.3,997.8,1.9,59.0,3.8,1497.2,0.0,Ariquemes
09/02/2024,1500,30.0,30.3,29.1,70.0,74.0,70.0,24.0,24.5,23.6,997.9,998.3,997.9,2.2,317.0,5.0,2397.0,0.0,Ariquemes
09/02/2024,1600,32.0,32.1,30.0,66.0,71.0,65.0,24.8,25.5,23.9,997.3,997.9,997.3,1.4,307.0,4.5,3233.2,0.0,Ariquemes
09/02/2024,1700,32.4,32.5,31.6,63.0,66.0,60.0,24.3,25.1,23.5,996.4,997.3,996.4,2.9,347.0,5.4,3373.2,0.0,Ariquemes
09/02/2024,1800,33.7,33.7,32.3,58.0,64.0,56.0,24.3,24.7,23.2,995.2,996.4,995.2,3.1,48.0,5.8,3236.7,0.0,Ariquemes
09/02/2024,1900,32.9,33.8,32.6,56.0,61.0,55.0,23.1,24.6,22.8,993.6,995.2,993.6,2.4,50.0,5.5,2423.5,0.0,Ariquemes
09/02/2024,2000,31.0,33.7,30.9,68.0,69.0,54.0,24.5,24.5,23.1,992.4,993.6,992.4,2.8,71.0,5.2,1492.2,0.0,Ariquemes
09/02/2024,2100,32.8,33.0,31.0,63.0,70.0,60.0,24.8,25.1,23.8,991.5,992.4,991.5,2.0,85.0,5.3,1661.6,0.0,Ariquemes
09/02/2024,2200,31.0,32.8,31.0,67.0,67.0,60.0,24.3,25.0,23.7,991.8,991.8,991.4,1.9,56.0,3.9,729.0,0.0,Ariquemes
09/02/2024,2300,28.7,31.0,28.7,76.0,76.0,67.0,24.1,24.7,24.1,992.9,992.9,991.7,0.7,105.0,2.7,36.2,0.0,Ariquemes
10/02/2024,1100,24.9,24.9,24.0,93.0,94.0,93.0,23.7,23.7,22.9,995.7,995.7,994.7,1.4,180.0,2.8,149.0,0.0,Ariquemes
10/02/2024,1200,27.1,27.3,24.9,85.0,93.0,85.0,24.4,25.0,23.7,997.3,997.3,995.7,0.7,158.0,2.8,788.7,0.0,Ariquemes
10/02/2024,1300,28.7,29.1,27.0,78.0,86.0,77.0,24.4,25.3,24.3,998.1,998.1,997.3,1.7,59.0,2.8,1497.2,0.0,Ariquemes
10/02/2024,1400,30.8,30.8,28.7,74.0,79.0,73.0,25.6,25.6,24.6,998.3,998.3,998.1,2.5,35.0,4.3,2517.6,0.0,Ariquemes
10/02/2024,1500,31.9,32.0,30.8,65.0,74.0,65.0,24.5,25.9,24.4,997.8,998.3,997.7,2.8,31.0,5.4,2597.9,0.0,Ariquemes
10/02/2024,1600,31.4,32.4,31.4,64.0,67.0,60.0,23.8,25.0,23.2,997.2,997.8,997.2,2.0,2.0,5.4,2209.6,0.0,Ariquemes
10/02/2024,1700,30.4,32.8,30.4,68.0,68.0,62.0,23.9,25.2,23.7,995.3,997.1,995.3,2.4,94.0,5.3,1564.5,0.0,Ariquemes
10/02/2024,1800,27.5,30.4,26.2,83.0,85.0,68.0,24.4,24.4,23.0,993.9,995.3,993.9,1.6,323.0,5.3,810.6,7.4,Ariquemes
10/02/2024,1900,32.2,32.2,27.5,63.0,83.0,62.0,24.4,26.4,23.7,992.1,993.9,992.1,2.1,355.0,4.1,2939.2,0.0,Ariquemes
10/02/2024,2000,31.8,33.3,31.8,61.0,66.0,55.0,23.3,25.1,22.7,991.1,992.1,991.1,1.3,7.0,3.7,1878.6,0.0,Ariquemes
10/02/2024,2100,31.4,31.8,31.1,65.0,66.0,61.0,23.9,24.4,23.4,991.1,991.1,991.0,0.7,309.0,2.1,429.5,0.0,Ariquemes
10/02/2024,2200,30.3,31.9,30.3,78.0,78.0,64.0,26.0,26.2,24.0,991.9,991.9,991.0,1.1,221.0,1.7,388.7,0.0,Ariquemes
10/02/2024,2300,27.6,30.3,27.6,80.0,81.0,74.0,23.8,26.2,23.5,993.6,993.6,991.9,3.2,20.0,8.1,46.3,0.0,Ariquemes
11/02/2024,1100,24.5,24.5,24.2,95.0,95.0,94.0,23.6,23.6,23.2,996.6,996.6,995.0,0.9,191.0,1.6,61.2,0.0,Ariquemes
11/02/2024,1200,25.1,25.1,24.5,94.0,95.0,94.0,24.0,24.0,23.6,997.7,997.7,996.6,1.0,36.0,1.8,161.6,0.0,Ariquemes
11/02/2024,1300,26.0,26.0,25.0,92.0,94.0,91.0,24.6,24.8,23.9,998.3,998.3,997.7,1.4,30.0,2.7,633.3,0.2,Ariquemes
11/02/2024,1400,25.3,26.5,24.8,94.0,94.0,89.0,24.3,24.9,23.6,998.6,998.7,998.3,3.2,46.0,7.1,576.5,3.0,Ariquemes
11/02/2024,1500,26.4,26.9,25.3,90.0,94.0,89.0,24.5,25.7,24.1,998.3,998.6,998.3,4.1,33.0,9.3,1124.2,0.6,Ariquemes
11/02/2024,1600,27.2,27.3,26.2,89.0,91.0,87.0,25.2,25.5,24.2,997.7,998.3,997.7,3.2,35.0,9.3,1855.3,0.0,Ariquemes
11/02/2024,1700,28.6,29.3,27.2,80.0,89.0,80.0,24.9,26.5,24.7,996.0,997.7,996.0,4.3,27.0,7.1,2455.1,0.2,Ariquemes
11/02/2024,1800,28.8,29.5,27.5,79.0,83.0,77.0,24.7,25.5,23.8,994.9,996.0,994.9,5.1,357.0,7.2,2169.9,0.0,Ariquemes
11/02/2024,1900,30.0,30.3,28.8,73.0,81.0,73.0,24.7,25.6,24.4,993.5,994.9,993.5,3.4,349.0,7.7,3562.3,0.0,Ariquemes
11/02/2024,2000,30.7,31.0,29.4,71.0,75.0,70.0,24.8,25.4,24.2,992.6,993.5,992.6,1.3,20.0,6.0,1797.5,0.0,Ariquemes
11/02/2024,2100,26.3,30.7,26.3,89.0,89.0,70.0,24.3,25.0,24.0,992.8,992.8,992.6,2.6,181.0,5.6,271.3,1.2,Ariquemes
11/02/2024,2200,26.0,26.4,26.0,90.0,90.0,88.0,24.2,24.4,24.1,993.2,993.2,992.8,1.2,194.0,5.1,211.1,0.0,Ariquemes
11/02/2024,2300,25.6,26.0,25.6,91.0,91.0,89.0,24.0,24.2,23.9,993.8,993.8,993.2,1.5,193.0,2.8,36.6,0.0,Ariquemes
12/02/2024,1100,24.2,24.2,23.8,96.0,96.0,95.0,23.4,23.4,23.0,996.3,996.3,995.5,0.8,85.0,1.3,99.4,0.2,Ariquemes
12/02/2024,1200,25.4,25.5,24.2,92.0,96.0,92.0,24.0,24.4,23.4,997.4,997.4,996.3,0.9,91.0,1.9,657.6,0.0,Ariquemes
12/02/2024,1300,27.1,27.5,25.3,88.0,93.0,86.0,25.0,25.4,23.9,998.2,998.2,997.4,2.2,85.0,4.1,1079.6,0.0,Ariquemes
12/02/2024,1400,28.3,29.1,27.1,79.0,89.0,79.0,24.4,25.8,24.4,998.5,998.5,998.2,3.0,51.0,5.8,1723.5,0.0,Ariquemes
12/02/2024,1500,27.9,29.1,27.7,82.0,83.0,79.0,24.5,25.4,24.1,998.1,998.5,998.1,5.4,10.0,7.2,1557.8,0.0,Ariquemes
12/02/2024,1600,26.5,27.9,24.3,89.0,93.0,82.0,24.5,25.0,22.0,997.5,998.3,997.5,3.3,10.0,10.1,1449.1,3.6,Ariquemes
12/02/2024,1700,28.2,29.0,26.5,80.0,89.0,78.0,24.4,25.6,24.0,996.4,997.5,996.3,5.3,3.0,8.2,2964.7,0.0,Ariquemes
12/02/2024,1800,27.0,29.0,26.6,83.0,87.0,76.0,23.8,24.7,23.4,995.7,996.4,995.7,2.1,19.0,8.2,1562.8,1.2,Ariquemes
12/02/2024,1900,27.6,27.7,26.8,81.0,85.0,80.0,24.1,24.6,23.7,994.5,995.7,994.5,1.0,2.0,3.3,851.7,0.2,Ariquemes
12/02/2024,2000,28.0,28.1,27.6,82.0,82.0,80.0,24.6,24.8,23.9,994.0,994.5,994.0,0.7,112.0,2.4,645.0,0.0,Ariquemes
12/02/2024,2100,27.1,28.0,27.1,86.0,87.0,82.0,24.6,24.9,24.5,993.8,994.0,993.7,1.4,168.0,2.6,463.6,0.0,Ariquemes
12/02/2024,2200,23.2,27.1,23.1,94.0,94.0,85.0,22.1,24.7,21.5,995.7,995.7,993.8,7.5,45.0,13.6,83.2,10.6,Ariquemes
12/02/2024,2300,23.2,23.2,23.1,95.0,95.0,94.0,22.3,22.3,22.1,996.0,996.0,995.7,2.6,61.0,13.6,4.6,8.0,Ariquemes
13/02/2024,1100,23.2,23.2,23.1,96.0,96.0,96.0,22.5,22.5,22.3,998.8,998.8,998.0,0.9,180.0,2.2,51.3,0.0,Ariquemes
13/02/2024,1200,24.4,24.4,23.2,95.0,96.0,95.0,23.5,23.5,22.5,999.8,999.8,998.8,0.9,125.0,2.5,533.6,0.0,Ariquemes
13/02/2024,1300,26.9,26.9,24.4,87.0,95.0,86.0,24.5,24.8,23.5,1000.5,1000.5,999.8,1.0,109.0,2.2,1781.8,0.0,Ariquemes
13/02/2024,1400,27.1,27.6,26.9,84.0,87.0,83.0,24.1,24.7,24.0,1000.7,1000.7,1000.5,1.2,164.0,2.2,1334.4,0.0,Ariquemes
13/02/2024,1500,27.1,27.3,27.0,83.0,85.0,83.0,24.1,24.5,23.9,1000.4,1000.7,1000.4,1.9,167.0,3.2,806.6,0.0,Ariquemes
13/02/2024,1600,27.8,27.8,27.1,83.0,84.0,82.0,24.5,24.6,23.8,1000.0,1000.4,1000.0,1.6,192.0,3.5,990.1,0.0,Ariquemes
13/02/2024,1700,28.6,28.6,27.4,81.0,83.0,79.0,24.9,24.9,23.8,999.1,1000.0,999.1,1.2,227.0,3.7,1328.0,0.0,Ariquemes
13/02/2024,1800,28.3,28.9,28.3,80.0,81.0,78.0,24.6,25.1,24.3,997.7,999.1,997.7,2.3,222.0,4.4,1534.9,0.0,Ariquemes
13/02/2024,1900,26.9,28.3,26.9,83.0,84.0,80.0,23.9,24.7,23.7,996.0,997.7,996.0,2.3,208.0,4.8,716.1,0.0,Ariquemes
13/02/2024,2000,28.3,28.3,26.9,81.0,84.0,80.0,24.7,24.7,23.4,995.1,996.0,995.1,2.5,219.0,4.3,957.1,0.0,Ariquemes
13/02/2024,2100,29.5,29.5,28.3,76.0,81.0,76.0,24.9,25.1,24.4,994.8,995.1,994.8,1.4,237.0,4.4,953.0,0.0,Ariquemes
13/02/2024,2200,29.1,30.0,29.1,77.0,77.0,74.0,24.6,25.2,24.4,995.4,995.4,994.8,1.5,243.0,3.2,852.7,0.0,Ariquemes
13/02/2024,2300,26.9,29.2,26.9,83.0,83.0,76.0,23.7,24.6,23.7,996.9,996.9,995.4,1.3,223.0,3.0,101.5,0.0,Ariquemes
14/02/2024,1100,23.7,23.7,23.2,95.0,95.0,94.0,22.8,22.8,22.3,1000.0,1000.0,998.6,1.6,20.0,3.5,35.5,0.0,Ariquemes
14/02/2024,1200,23.6,23.8,23.6,95.0,95.0,95.0,22.8,22.9,22.8,1001.5,1001.6,1000.0,4.8,53.0,7.4,59.1,15.8,Ariquemes
14/02/2024,1300,23.4,23.6,23.0,95.0,96.0,95.0,22.5,22.8,22.2,1001.9,1002.0,1001.5,1.4,56.0,7.4,336.5,11.2,Ariquemes
14/02/2024,1400,24.7,24.7,23.4,94.0,95.0,94.0,23.7,23.8,22.5,1001.7,1002.0,1001.7,0.9,279.0,2.2,795.9,1.8,Ariquemes
14/02/2024,1500,27.5,27.7,24.7,83.0,94.0,83.0,24.5,25.0,23.6,1001.1,1001.7,1001.1,1.1,232.0,3.1,2569.7,0.0,Ariquemes
14/02/2024,1600,29.5,29.8,27.5,74.0,84.0,73.0,24.4,25.3,23.6,1000.4,1001.1,1000.4,1.5,91.0,4.7,3193.3,0.0,Ariquemes
14/02/2024,1700,30.4,30.8,29.4,68.0,74.0,68.0,23.9,24.9,23.6,999.2,1000.4,999.2,1.1,108.0,4.3,2797.6,0.0,Ariquemes
14/02/2024,1800,31.1,31.7,29.8,65.0,71.0,65.0,23.8,24.9,23.6,997.6,999.2,997.6,1.1,243.0,3.1,2752.2,0.0,Ariquemes
14/02/2024,1900,25.4,32.3,25.4,85.0,85.0,61.0,22.6,25.4,22.5,996.7,997.6,996.7,3.9,190.0,8.5,2084.6,12.8,Ariquemes
14/02/2024,2000,27.8,27.8,25.3,86.0,88.0,83.0,25.2,25.2,22.6,996.0,996.7,995.9,1.1,199.0,8.0,1307.0,1.0,Ariquemes
14/02/2024,2100,29.4,30.0,27.8,79.0,87.0,79.0,25.4,26.3,25.1,995.6,996.0,995.6,1.0,188.0,2.7,1587.3,0.0,Ariquemes
14/02/2024,2200,28.3,29.4,28.3,84.0,84.0,78.0,25.4,25.6,25.1,995.7,995.7,995.3,0.9,183.0,2.2,415.9,0.0,Ariquemes
14/02/2024,2300,26.9,28.3,26.9,89.0,89.0,84.0,24.9,25.6,24.9,995.9,995.9,995.6,0.9,206.0,1.6,45.1,0.0,Ariquemes
15/02/2024,1100,24.5,24.5,24.1,95.0,95.0,95.0,23.7,23.7,23.4,998.8,998.8,997.9,0.3,19.0,1.3,86.9,0.0,Ariquemes
15/02/2024,1200,26.2,26.2,24.5,91.0,96.0,91.0,24.6,24.6,23.8,999.6,999.6,998.8,1.7,193.0,2.7,795.8,0.0,Ariquemes
15/02/2024,1300,29.0,29.0,26.2,84.0,92.0,84.0,26.0,26.0,24.6,1000.0,1000.0,999.6,1.9,183.0,4.3,1535.4,0.0,Ariquemes
15/02/2024,1400,30.2,30.3,28.4,76.0,84.0,76.0,25.6,26.2,25.0,1000.0,1000.4,1000.0,2.1,171.0,4.1,2299.5,0.0,Ariquemes
15/02/2024,1500,30.7,31.1,30.1,72.0,77.0,72.0,25.1,25.9,24.8,999.7,1000.0,999.7,1.8,171.0,4.3,2609.6,0.0,Ariquemes
15/02/2024,1600,32.4,32.6,30.3,67.0,75.0,67.0,25.5,26.0,24.8,999.0,999.7,999.0,1.4,155.0,4.2,3399.3,0.0,Ariquemes
15/02/2024,1700,32.1,33.5,31.5,66.0,67.0,63.0,24.9,26.2,24.4,997.9,999.0,997.9,0.8,81.0,3.4,2598.8,0.0,Ariquemes
15/02/2024,1800,32.9,33.5,30.9,62.0,70.0,61.0,24.8,26.0,23.7,996.4,997.9,996.4,1.2,196.0,4.2,2464.5,0.0,Ariquemes
15/02/2024,1900,28.0,32.9,27.6,76.0,80.0,62.0,23.4,24.9,23.2,995.4,996.4,995.4,2.8,317.0,6.7,478.8,0.4,Ariquemes
15/02/2024,2000,28.0,28.0,26.3,87.0,88.0,75.0,25.6,25.6,22.6,994.4,995.5,994.4,0.9,163.0,8.9,863.2,14.8,Ariquemes
15/02/2024,2100,31.5,31.5,28.0,71.0,86.0,70.0,25.5,26.5,25.2,994.1,994.4,993.9,1.1,256.0,2.4,1437.3,0.0,Ariquemes
15/02/2024,2200,31.1,31.8,31.1,71.0,71.0,67.0,25.2,25.8,24.7,994.5,994.6,994.1,1.3,221.0,2.5,707.2,0.0,Ariquemes
15/02/2024,2300,27.9,31.2,27.9,80.0,80.0,70.0,24.1,25.3,24.0,995.2,995.2,994.5,1.3,190.0,4.4,90.7,0.0,Ariquemes
16/02/2024,1100,25.1,25.1,24.4,95.0,95.0,95.0,24.4,24.4,23.6,997.8,997.8,997.3,0.2,35.0,0.9,99.3,0.0,Ariquemes
16/02/2024,1200,26.6,26.9,25.2,91.0,95.0,91.0,25.0,25.8,24.4,998.9,998.9,997.8,0.7,71.0,1.6,599.5,0.0,Ariquemes
16/02/2024,1300,27.9,27.9,26.5,87.0,92.0,87.0,25.5,25.8,25.0,999.8,999.8,998.9,1.8,70.0,3.2,981.4,0.0,Ariquemes
16/02/2024,1400,29.4,29.5,27.9,79.0,87.0,79.0,25.3,26.3,25.0,999.9,1000.0,999.7,2.5,78.0,5.4,1655.3,0.0,Ariquemes
16/02/2024,1500,30.6,30.9,29.1,74.0,81.0,73.0,25.5,26.1,24.7,999.4,999.9,999.4,2.6,11.0,4.2,2280.2,0.0,Ariquemes
16/02/2024,1600,31.9,32.3,30.1,65.0,75.0,64.0,24.5,26.1,24.4,998.5,999.4,998.5,2.9,66.0,6.5,2667.0,0.0,Ariquemes
16/02/2024,1700,32.7,33.1,31.5,62.0,69.0,61.0,24.5,25.4,23.9,996.9,998.5,996.9,3.7,10.0,5.7,3217.2,0.0,Ariquemes
16/02/2024,1800,32.2,33.3,32.0,62.0,64.0,58.0,23.9,25.0,23.4,995.4,996.9,995.4,2.7,9.0,7.0,2661.5,0.0,Ariquemes
16/02/2024,1900,30.8,33.0,30.8,71.0,71.0,58.0,24.9,24.9,23.1,994.3,995.4,994.3,2.3,161.0,7.0,1443.2,0.0,Ariquemes
16/02/2024,2000,31.3,31.7,30.1,70.0,74.0,69.0,25.1,25.9,24.4,993.1,994.3,993.1,1.1,129.0,4.6,1417.6,0.0,Ariquemes
16/02/2024,2100,30.1,32.8,30.1,72.0,72.0,63.0,24.5,25.8,24.4,992.7,993.1,992.6,2.8,201.0,4.5,1159.9,0.0,Ariquemes
16/02/2024,2200,28.4,30.1,28.4,83.0,84.0,72.0,25.3,25.7,24.4,993.4,993.4,992.7,1.8,186.0,4.8,202.8,0.8,Ariquemes
16/02/2024,2300,27.3,28.4,27.2,87.0,87.0,82.0,25.0,25.2,24.2,994.3,994.3,993.4,0.8,180.0,4.5,49.4,0.0,Ariquemes
17/02/2024,1100,25.7,25.7,25.2,95.0,95.0,95.0,24.8,24.9,24.3,997.5,997.5,996.4,0.5,221.0,1.4,91.5,0.0,Ariquemes
17/02/2024,1200,27.6,27.6,25.6,90.0,95.0,89.0,25.7,26.1,24.7,998.2,998.2,997.5,1.4,188.0,2.3,865.6,0.0,Ariquemes
17/02/2024,1300,29.4,29.4,27.5,83.0,90.0,81.0,26.2,26.2,25.2,998.5,998.5,998.2,1.5,195.0,3.0,1730.3,0.0,Ariquemes
17/02/2024,1400,30.5,30.8,29.5,77.0,83.0,75.0,26.0,26.4,25.0,998.5,998.6,998.5,0.6,295.0,2.8,1930.7,0.0,Ariquemes
17/02/2024,1500,30.8,31.6,29.5,69.0,77.0,68.0,24.5,26.5,24.5,998.0,998.5,998.0,1.4,262.0,4.0,2013.9,0.0,Ariquemes
17/02/2024,1600,28.8,30.8,27.3,82.0,84.0,69.0,25.4,25.7,23.9,997.0,998.2,997.0,1.6,175.0,4.0,1241.5,6.6,Ariquemes
17/02/2024,1700,30.1,30.5,28.6,77.0,84.0,76.0,25.6,26.9,25.1,995.5,997.0,995.5,2.1,176.0,4.5,1809.9,0.0,Ariquemes
17/02/2024,1800,26.5,30.1,25.6,87.0,90.0,76.0,24.3,25.6,22.9,994.2,995.8,994.2,1.3,246.0,10.5,486.3,9.8,Ariquemes
17/02/2024,1900,29.6,29.6,26.3,82.0,88.0,82.0,26.1,26.4,23.9,993.2,994.3,993.2,1.2,222.0,3.4,1419.0,0.0,Ariquemes
17/02/2024,2000,30.7,31.3,29.6,73.0,82.0,72.0,25.3,26.7,25.1,992.7,993.2,992.6,1.1,287.0,3.4,2670.1,0.0,Ariquemes
17/02/2024,2100,28.1,30.9,27.7,77.0,78.0,70.0,23.6,25.5,23.2,993.0,993.3,992.7,2.6,26.0,7.4,654.6,0.0,Ariquemes
17/02/2024,2200,27.3,28.1,27.3,81.0,82.0,76.0,23.8,24.3,23.3,992.9,993.0,992.4,1.2,71.0,3.7,352.7,0.0,Ariquemes
17/02/2024,2300,26.0,27.3,26.0,87.0,87.0,81.0,23.6,23.9,23.5,993.9,993.9,992.9,1.5,4.0,2.4,61.5,0.0,Ariquemes
18/02/2024,1100,24.7,24.7,24.4,95.0,95.0,95.0,23.8,23.9,23.5,996.6,996.6,996.3,0.5,315.0,1.4,71.9,0.0,Ariquemes
18/02/2024,1200,25.6,25.6,24.7,93.0,95.0,93.0,24.4,24.5,23.8,997.1,997.1,996.5,0.9,200.0,1.4,357.2,0.0,Ariquemes
18/02/2024,1300,27.3,27.3,25.6,88.0,93.0,87.0,25.2,25.5,24.4,997.8,997.8,997.1,0.8,63.0,2.1,998.9,0.0,Ariquemes
18/02/2024,1400,28.7,28.9,27.3,80.0,89.0,78.0,24.9,25.6,24.4,998.1,998.1,997.8,2.5,12.0,3.9,2411.3,0.0,Ariquemes
18/02/2024,1500,30.1,30.1,28.6,76.0,81.0,76.0,25.5,25.7,24.7,998.1,998.3,998.1,1.3,356.0,3.9,1424.0,0.0,Ariquemes
18/02/2024,1600,30.9,30.9,29.8,69.0,77.0,68.0,24.6,25.5,24.3,997.6,998.1,997.6,1.9,335.0,4.2,2138.1,0.0,Ariquemes
18/02/2024,1700,31.9,32.2,30.8,67.0,70.0,65.0,24.9,25.4,23.9,995.4,997.6,995.4,1.9,50.0,3.7,2693.0,0.0,Ariquemes
18/02/2024,1800,32.5,32.6,31.5,67.0,69.0,63.0,25.6,25.7,24.4,993.4,995.4,993.4,1.5,136.0,3.7,2008.1,0.0,Ariquemes
18/02/2024,1900,30.1,33.3,30.1,68.0,69.0,60.0,23.7,25.7,23.4,992.5,993.4,992.5,4.7,50.0,8.4,1844.3,0.0,Ariquemes
18/02/2024,2000,30.2,30.4,28.8,74.0,76.0,68.0,25.0,25.0,23.4,992.1,992.6,992.0,1.9,76.0,7.0,932.4,0.0,Ariquemes
18/02/2024,2100,28.4,30.7,28.3,80.0,80.0,73.0,24.5,25.5,24.4,992.7,992.7,992.0,1.0,170.0,7.6,454.5,0.0,Ariquemes
18/02/2024,2200,28.2,28.6,28.2,83.0,83.0,79.0,25.0,25.0,24.3,992.7,992.7,992.4,0.6,118.0,2.6,274.4,0.0,Ariquemes
18/02/2024,2300,27.2,28.3,27.2,86.0,86.0,83.0,24.6,25.1,24.4,994.1,994.1,992.7,0.8,151.0,1.8,48.3,0.0,Ariquemes
19/02/2024,1100,25.2,25.2,24.7,95.0,95.0,94.0,24.2,24.2,23.8,996.0,996.0,995.4,1.3,81.0,2.5,88.5,0.0,Ariquemes
19/02/2024,1200,25.5,25.5,25.1,92.0,95.0,91.0,24.1,24.2,23.8,997.2,997.2,996.0,1.7,24.0,2.7,422.8,0.0,Ariquemes
19/02/2024,1300,27.3,27.3,25.5,86.0,92.0,86.0,24.7,24.8,23.9,997.9,997.9,997.2,0.9,31.0,2.7,1220.7,0.0,Ariquemes
19/02/2024,1400,28.5,28.6,27.1,81.0,86.0,81.0,24.9,25.2,24.3,998.1,998.3,997.9,1.1,294.0,3.5,1397.0,0.0,Ariquemes
19/02/2024,1500,30.2,30.2,28.5,75.0,82.0,75.0,25.4,25.5,24.7,997.7,998.1,997.7,1.6,309.0,4.3,2294.8,0.0,Ariquemes
19/02/2024,1600,30.6,30.6,29.8,73.0,76.0,71.0,25.3,25.7,24.6,997.2,997.8,997.2,3.1,356.0,4.5,2062.6,0.0,Ariquemes
19/02/2024,1700,32.0,32.1,30.6,67.0,74.0,66.0,25.1,25.8,24.4,995.7,997.2,995.7,3.7,5.0,7.9,3421.5,0.0,Ariquemes
19/02/2024,1800,28.2,32.0,28.1,84.0,85.0,65.0,25.2,25.7,23.6,994.4,995.7,994.4,2.6,13.0,9.1,1310.9,0.6,Ariquemes
19/02/2024,1900,27.0,28.4,27.0,87.0,87.0,83.0,24.6,25.9,24.5,993.5,994.4,993.5,2.8,198.0,4.7,573.2,0.8,Ariquemes
19/02/2024,2000,26.9,27.3,26.9,87.0,88.0,86.0,24.6,25.0,24.5,992.9,993.5,992.9,2.7,205.0,5.1,465.0,0.0,Ariquemes
19/02/2024,2100,25.0,27.0,25.0,90.0,90.0,87.0,23.2,24.8,23.2,993.8,993.8,992.8,1.5,242.0,7.0,233.5,5.0,Ariquemes
19/02/2024,2200,24.7,25.2,24.7,91.0,92.0,90.0,23.1,23.8,23.1,994.4,994.6,993.8,2.0,292.0,5.6,30.9,1.4,Ariquemes
19/02/2024,2300,24.4,24.7,24.4,93.0,93.0,91.0,23.1,23.2,23.0,995.5,995.5,994.3,1.0,156.0,3.9,0.8,4.4,Ariquemes
20/02/2024,1100,24.4,24.5,24.3,95.0,95.0,95.0,23.6,23.7,23.4,995.6,995.6,995.2,0.7,202.0,1.3,41.7,0.0,Ariquemes
20/02/2024,1200,25.2,25.2,24.4,93.0,95.0,93.0,24.0,24.2,23.6,996.3,996.3,995.6,1.6,39.0,2.4,416.1,0.0,Ariquemes
20/02/2024,1300,26.8,26.8,25.2,89.0,94.0,88.0,24.7,25.0,24.1,996.8,996.8,996.3,1.6,5.0,2.9,1125.8,0.0,Ariquemes
20/02/2024,1400,26.9,27.3,26.7,85.0,88.0,84.0,24.1,24.7,24.0,997.0,997.1,996.8,2.0,19.0,4.7,821.9,0.0,Ariquemes
20/02/2024,1500,28.0,28.3,26.9,83.0,87.0,82.0,24.8,25.4,24.3,996.6,997.0,996.6,1.8,37.0,3.3,1321.4,0.2,Ariquemes
20/02/2024,1600,29.7,29.7,27.8,80.0,84.0,79.0,25.8,25.9,24.5,995.8,996.6,995.8,2.4,50.0,4.0,1371.9,0.0,Ariquemes
20/02/2024,1700,30.6,30.8,29.5,71.0,80.0,69.0,24.8,26.0,24.2,994.9,995.8,994.9,4.0,39.0,5.9,2768.5,0.0,Ariquemes
20/02/2024,1800,30.6,31.4,30.2,74.0,74.0,69.0,25.4,25.8,24.2,993.6,994.9,993.6,3.3,52.0,6.2,2173.3,0.0,Ariquemes
20/02/2024,1900,26.1,30.7,26.1,80.0,84.0,71.0,22.4,25.9,22.4,992.8,993.6,992.8,5.4,360.0,9.0,988.5,3.4,Ariquemes
20/02/2024,2000,24.5,26.8,24.5,89.0,90.0,80.0,22.6,24.8,22.3,992.9,993.2,992.5,4.3,325.0,9.0,393.9,8.0,Ariquemes
20/02/2024,2100,24.0,24.5,24.0,92.0,92.0,89.0,22.6,22.8,22.5,992.3,993.0,992.3,2.1,2.0,8.8,199.5,1.4,Ariquemes
20/02/2024,2200,24.1,24.2,24.0,93.0,93.0,92.0,22.9,23.0,22.6,993.1,993.1,992.3,1.1,74.0,3.1,149.8,0.2,Ariquemes
20/02/2024,2300,24.1,24.2,24.1,93.0,93.0,93.0,22.9,23.0,22.8,993.4,993.4,993.0,0.9,188.0,2.1,20.2,0.0,Ariquemes
21/02/2024,1100,23.6,23.7,23.4,94.0,95.0,94.0,22.6,22.8,22.4,996.2,996.2,994.3,2.5,303.0,5.0,8.1,3.4,Ariquemes
21/02/2024,1200,22.8,23.6,22.8,95.0,95.0,94.0,21.9,22.6,21.8,997.4,997.4,996.2,2.7,360.0,8.9,19.7,13.0,Ariquemes
21/02/2024,1300,22.9,23.0,22.7,94.0,95.0,94.0,21.9,22.1,21.7,997.5,997.6,997.4,2.2,17.0,4.4,143.2,3.8,Ariquemes
21/02/2024,1400,23.3,23.3,22.9,93.0,94.0,93.0,22.1,22.2,21.9,997.0,997.5,997.0,1.3,8.0,3.9,418.1,0.2,Ariquemes
21/02/2024,1500,24.1,24.2,23.3,91.0,93.0,91.0,22.6,22.8,22.0,996.1,997.0,996.1,0.9,311.0,2.1,576.6,0.4,Ariquemes
21/02/2024,1600,25.4,25.5,24.1,87.0,92.0,87.0,23.1,23.5,22.4,995.0,996.1,995.0,1.6,208.0,3.5,1003.1,0.0,Ariquemes
21/02/2024,1700,27.9,27.9,25.3,77.0,88.0,77.0,23.5,24.1,23.0,993.8,995.0,993.8,0.9,260.0,3.5,2430.9,0.0,Ariquemes
21/02/2024,1800,29.7,30.0,27.9,72.0,80.0,70.0,24.3,25.0,23.4,992.6,993.8,992.6,1.0,220.0,3.8,3065.7,0.0,Ariquemes
21/02/2024,1900,31.1,31.1,29.8,64.0,73.0,64.0,23.5,24.6,23.0,991.9,992.6,991.9,1.0,225.0,3.1,2235.7,0.0,Ariquemes
21/02/2024,2000,31.2,31.3,30.2,59.0,65.0,59.0,22.3,23.7,22.3,991.4,991.9,991.3,0.8,270.0,3.8,2234.4,0.0,Ariquemes
21/02/2024,2100,29.4,31.4,29.4,69.0,69.0,59.0,23.1,23.3,22.1,991.4,991.4,991.3,1.8,212.0,2.7,932.0,0.0,Ariquemes
21/02/2024,2200,27.7,29.4,27.7,76.0,76.0,69.0,23.0,23.6,22.9,991.6,991.6,991.4,1.7,203.0,3.5,216.4,0.0,Ariquemes
21/02/2024,2300,26.7,27.7,26.7,83.0,83.0,76.0,23.5,23.5,23.0,992.3,992.3,991.6,1.0,213.0,2.9,36.0,0.0,Ariquemes
22/02/2024,1100,24.5,24.5,24.4,94.0,94.0,94.0,23.5,23.5,23.3,993.4,993.4,992.6,0.8,188.0,1.5,27.5,0.0,Ariquemes
22/02/2024,1200,25.3,25.4,24.5,92.0,94.0,92.0,24.0,24.2,23.4,994.3,994.3,993.4,0.7,213.0,1.5,308.1,0.0,Ariquemes
22/02/2024,1300,27.2,27.2,25.3,88.0,93.0,87.0,25.0,25.3,24.0,994.9,994.9,994.3,1.9,199.0,3.1,1053.7,0.0,Ariquemes
22/02/2024,1400,29.5,29.7,27.1,78.0,88.0,78.0,25.4,25.8,24.6,995.3,995.3,994.9,1.0,113.0,3.8,2564.0,0.0,Ariquemes
22/02/2024,1500,29.2,30.0,28.8,79.0,80.0,77.0,25.1,25.7,24.7,994.7,995.5,994.7,1.2,206.0,2.9,1100.3,0.0,Ariquemes
22/02/2024,1600,30.7,31.2,29.2,72.0,80.0,71.0,25.1,26.3,25.1,993.6,994.7,993.6,2.0,90.0,3.9,2120.5,0.0,Ariquemes
22/02/2024,1700,30.2,31.2,29.4,78.0,79.0,70.0,25.9,25.9,24.3,992.7,993.6,992.7,0.9,262.0,5.6,1219.7,0.0,Ariquemes
22/02/2024,1800,30.4,31.5,29.8,77.0,78.0,73.0,25.9,26.8,25.2,991.6,992.7,991.6,1.0,233.0,3.6,1580.5,0.0,Ariquemes
22/02/2024,1900,31.6,32.5,30.4,64.0,77.0,63.0,23.8,26.5,23.8,990.7,991.6,990.6,3.4,38.0,6.0,1836.2,0.0,Ariquemes
22/02/2024,2000,31.4,31.7,31.0,66.0,68.0,63.0,24.4,24.8,23.4,989.8,990.7,989.7,2.2,44.0,5.1,910.1,0.0,Ariquemes
22/02/2024,2100,28.9,31.4,28.9,79.0,79.0,66.0,24.9,25.4,24.0,990.0,990.2,989.7,2.0,203.0,4.0,200.1,0.0,Ariquemes
22/02/2024,2200,28.0,28.9,28.0,86.0,86.0,79.0,25.5,25.5,24.9,990.4,990.4,989.9,0.9,217.0,3.7,79.7,0.0,Ariquemes
22/02/2024,2300,26.8,28.0,26.8,88.0,88.0,86.0,24.6,25.4,24.6,991.3,991.4,990.4,1.8,216.0,3.1,21.3,0.0,Ariquemes
23/02/2024,1100,23.6,23.6,23.3,94.0,94.0,94.0,22.6,22.6,22.3,994.2,994.2,993.7,0.6,223.0,1.2,34.3,0.0,Ariquemes
23/02/2024,1200,24.0,24.0,23.6,93.0,94.0,93.0,22.8,22.9,22.6,995.0,995.0,994.2,1.0,155.0,2.3,245.2,0.0,Ariquemes
23/02/2024,1300,25.6,25.6,24.0,88.0,93.0,88.0,23.5,23.8,22.7,995.9,995.9,995.0,1.5,161.0,3.0,846.0,0.0,Ariquemes
23/02/2024,1400,27.3,27.6,25.6,83.0,88.0,82.0,24.1,24.6,23.4,996.2,996.3,995.9,1.7,110.0,3.6,1591.9,0.0,Ariquemes
23/02/2024,1500,28.4,28.7,27.3,80.0,83.0,78.0,24.5,25.0,24.0,996.3,996.4,996.2,1.9,114.0,3.4,1724.2,0.0,Ariquemes
23/02/2024,1600,30.2,30.4,28.4,75.0,81.0,74.0,25.3,25.6,24.4,995.8,996.3,995.8,2.0,78.0,4.2,2196.8,0.0,Ariquemes
23/02/2024,1700,31.0,31.8,30.1,69.0,75.0,68.0,24.6,25.9,24.6,994.6,995.8,994.6,2.2,63.0,5.5,2879.5,0.0,Ariquemes
23/02/2024,1800,31.1,31.4,30.7,70.0,72.0,68.0,25.0,25.4,24.3,993.8,994.6,993.8,1.4,103.0,4.5,1342.5,0.0,Ariquemes
23/02/2024,1900,31.3,31.9,31.1,69.0,71.0,67.0,25.0,25.7,24.6,993.0,993.8,993.0,0.9,41.0,3.0,1575.8,0.0,Ariquemes
23/02/2024,2000,29.8,31.3,29.7,78.0,80.0,69.0,25.6,26.1,24.8,992.5,993.1,992.5,0.8,227.0,3.1,571.0,0.4,Ariquemes
23/02/2024,2100,28.1,29.8,27.8,85.0,85.0,78.0,25.3,25.7,24.8,992.4,992.5,992.2,1.8,213.0,4.8,403.5,2.0,Ariquemes
23/02/2024,2200,27.2,28.1,27.2,86.0,86.0,84.0,24.6,25.2,24.5,992.7,992.8,992.3,1.5,177.0,3.0,241.5,0.0,Ariquemes
23/02/2024,2300,26.3,27.2,26.3,88.0,88.0,84.0,24.2,24.5,23.9,993.6,993.6,992.7,0.6,186.0,2.5,56.6,0.0,Ariquemes
24/02/2024,1100,24.2,24.2,24.1,94.0,94.0,93.0,23.1,23.1,22.9,996.2,996.2,995.5,0.8,164.0,2.0,29.4,0.0,Ariquemes
24/02/2024,1200,24.6,24.7,24.2,93.0,94.0,92.0,23.3,23.4,23.0,997.2,997.2,996.2,1.1,175.0,2.3,205.2,0.0,Ariquemes
24/02/2024,1300,25.1,25.1,24.6,92.0,93.0,92.0,23.7,23.8,23.3,998.0,998.0,997.3,1.4,165.0,3.0,426.7,0.2,Ariquemes
24/02/2024,1400,25.2,25.3,25.0,91.0,92.0,90.0,23.7,23.8,23.4,998.6,998.6,998.0,1.3,112.0,3.7,479.4,0.0,Ariquemes
24/02/2024,1500,26.1,26.1,25.0,88.0,92.0,88.0,24.0,24.3,23.4,998.4,998.7,998.3,2.0,123.0,4.9,941.5,0.2,Ariquemes
24/02/2024,1600,26.6,26.6,26.0,86.0,89.0,85.0,24.0,24.3,23.6,998.5,998.5,998.4,2.9,104.0,5.4,976.4,0.0,Ariquemes
24/02/2024,1700,26.6,26.7,26.4,86.0,86.0,84.0,24.1,24.1,23.7,998.0,998.5,998.0,3.8,94.0,8.0,918.6,0.0,Ariquemes
24/02/2024,1800,26.6,26.6,26.2,83.0,86.0,83.0,23.4,23.9,23.1,997.2,998.0,997.2,3.3,101.0,7.6,964.0,0.0,Ariquemes
24/02/2024,1900,27.0,27.4,26.4,82.0,83.0,80.0,23.7,24.0,23.3,996.3,997.2,996.3,2.4,114.0,7.0,1219.0,0.0,Ariquemes
24/02/2024,2000,28.1,28.5,27.0,76.0,82.0,75.0,23.5,24.2,23.4,995.5,996.3,995.5,1.6,140.0,6.3,1449.0,0.0,Ariquemes
24/02/2024,2100,27.6,28.1,27.3,76.0,78.0,75.0,23.1,23.6,22.8,995.7,995.7,995.4,0.8,132.0,3.5,786.0,0.0,Ariquemes
24/02/2024,2200,26.2,27.7,26.2,78.0,81.0,76.0,22.2,23.5,22.2,996.5,996.5,995.7,1.3,195.0,4.5,371.4,0.0,Ariquemes
24/02/2024,2300,23.7,26.2,23.6,88.0,88.0,78.0,21.6,22.0,21.3,997.2,997.2,996.5,1.7,214.0,5.0,0.6,1.4,Ariquemes
25/02/2024,1100,22.9,22.9,22.4,95.0,95.0,95.0,22.0,22.0,21.5,998.8,998.8,998.2,0.4,266.0,2.0,91.7,0.0,Ariquemes
25/02/2024,1200,23.9,23.9,22.9,93.0,95.0,93.0,22.7,22.8,22.1,999.5,999.5,998.8,0.8,174.0,1.7,488.4,0.0,Ariquemes
25/02/2024,1300,25.4,25.4,23.9,89.0,93.0,88.0,23.4,23.6,22.7,999.9,999.9,999.5,1.4,171.0,3.2,901.7,0.0,Ariquemes
25/02/2024,1400,27.6,27.6,25.4,81.0,89.0,81.0,24.1,24.3,23.4,999.8,999.9,999.7,1.5,152.0,3.2,1572.7,0.0,Ariquemes
25/02/2024,1500,28.7,29.1,27.6,73.0,83.0,72.0,23.5,24.8,23.4,999.5,999.8,999.5,2.0,181.0,4.2,2390.0,0.0,Ariquemes
25/02/2024,1600,30.0,30.2,28.7,69.0,76.0,68.0,23.7,24.6,23.3,998.8,999.5,998.8,1.8,145.0,4.6,2624.0,0.0,Ariquemes
25/02/2024,1700,30.6,30.8,29.9,65.0,70.0,65.0,23.3,24.0,23.3,997.5,998.8,997.5,1.7,151.0,3.9,2017.3,0.0,Ariquemes
25/02/2024,1800,32.3,32.4,30.6,56.0,66.0,54.0,22.4,24.2,21.8,995.9,997.5,995.9,0.7,114.0,4.6,2912.6,0.0,Ariquemes
25/02/2024,1900,32.6,33.2,32.2,58.0,59.0,55.0,23.4,23.7,22.1,994.5,995.9,994.5,1.6,189.0,3.2,3043.9,0.0,Ariquemes
25/02/2024,2000,32.6,33.7,31.2,62.0,63.0,55.0,24.3,24.3,22.5,993.5,994.5,993.5,1.3,114.0,4.2,1947.8,0.0,Ariquemes
25/02/2024,2100,33.0,34.0,32.5,53.0,62.0,51.0,22.1,24.4,21.2,993.4,993.5,993.4,1.0,221.0,3.6,1533.5,0.0,Ariquemes
25/02/2024,2200,31.7,33.1,31.7,60.0,61.0,53.0,23.0,23.4,21.7,994.1,994.1,993.4,0.8,144.0,2.3,581.1,0.0,Ariquemes
25/02/2024,2300,28.5,31.7,28.5,76.0,76.0,60.0,23.9,24.3,22.9,994.7,994.8,994.1,0.9,236.0,1.8,81.9,0.0,Ariquemes
26/02/2024,1100,23.6,23.6,23.4,94.0,94.0,94.0,22.6,22.6,22.4,998.5,998.5,998.0,0.2,20.0,0.8,40.8,0.2,Ariquemes
26/02/2024,1200,24.7,24.8,23.6,92.0,94.0,92.0,23.2,23.6,22.7,999.2,999.2,998.5,1.3,68.0,2.6,575.7,0.0,Ariquemes
26/02/2024,1300,25.8,25.8,24.6,88.0,92.0,88.0,23.6,23.7,23.2,999.7,999.7,999.2,2.4,67.0,4.1,960.0,0.0,Ariquemes
26/02/2024,1400,27.6,27.6,25.7,82.0,88.0,81.0,24.2,24.3,23.4,999.6,999.8,999.6,2.4,43.0,5.2,1864.0,0.0,Ariquemes
26/02/2024,1500,29.4,29.4,27.2,75.0,82.0,73.0,24.4,24.6,23.4,999.5,999.6,999.5,2.7,54.0,4.9,2332.0,0.0,Ariquemes
26/02/2024,1600,30.3,30.4,28.8,69.0,76.0,69.0,23.9,24.6,22.9,999.1,999.5,999.1,1.6,81.0,4.8,2774.9,0.0,Ariquemes
26/02/2024,1700,29.8,30.8,29.8,69.0,71.0,66.0,23.6,24.5,23.3,998.3,999.1,998.3,2.0,59.0,5.1,2472.7,0.0,Ariquemes
26/02/2024,1800,30.7,31.1,29.8,67.0,72.0,64.0,23.8,24.6,23.0,997.2,998.3,997.2,1.8,103.0,5.4,2561.6,0.0,Ariquemes
26/02/2024,1900,31.6,32.3,30.7,61.0,67.0,59.0,23.2,24.3,22.6,995.6,997.2,995.6,2.5,69.0,5.1,2807.7,0.0,Ariquemes
26/02/2024,2000,31.0,32.0,30.8,62.0,64.0,59.0,22.9,23.9,22.5,994.4,995.6,994.4,1.9,78.0,5.0,1838.2,0.0,Ariquemes
26/02/2024,2100,31.4,32.1,31.0,59.0,62.0,58.0,22.3,23.7,22.2,994.0,994.4,994.0,2.5,26.0,4.0,1436.2,0.0,Ariquemes
26/02/2024,2200,30.1,31.8,29.8,67.0,68.0,58.0,23.3,23.4,22.2,994.3,994.3,993.9,0.7,115.0,4.0,567.3,0.0,Ariquemes
26/02/2024,2300,27.7,30.1,27.7,77.0,78.0,67.0,23.4,24.0,23.3,995.1,995.1,994.3,1.1,146.0,2.3,46.3,0.0,Ariquemes
27/02/2024,1100,23.8,23.8,23.6,93.0,94.0,93.0,22.6,22.7,22.5,996.6,996.6,996.0,0.5,278.0,1.1,57.0,0.0,Ariquemes
27/02/2024,1200,24.8,25.0,23.8,89.0,93.0,89.0,22.9,23.4,22.6,997.6,997.6,996.6,1.2,25.0,2.3,526.0,0.0,Ariquemes
27/02/2024,1300,26.5,26.5,24.8,84.0,90.0,84.0,23.5,23.8,22.8,998.1,998.4,997.6,2.0,340.0,3.5,1182.2,0.0,Ariquemes
27/02/2024,1400,27.8,27.9,25.9,78.0,84.0,77.0,23.7,23.9,22.6,998.6,998.6,998.1,2.8,32.0,4.7,1863.3,0.0,Ariquemes
27/02/2024,1500,29.9,29.9,27.2,72.0,79.0,72.0,24.3,24.6,22.4,998.6,998.8,998.6,1.9,41.0,4.9,2590.2,0.0,Ariquemes
27/02/2024,1600,29.7,30.5,28.6,68.0,73.0,67.0,23.1,24.3,23.0,998.1,998.6,998.1,2.5,6.0,4.3,3010.2,0.0,Ariquemes
27/02/2024,1700,31.3,31.3,29.0,63.0,71.0,62.0,23.5,24.5,22.5,996.9,998.1,996.9,3.4,35.0,6.2,2930.5,0.0,Ariquemes
27/02/2024,1800,30.4,31.4,30.3,65.0,66.0,61.0,23.0,24.0,22.5,996.2,996.9,996.2,3.1,58.0,6.4,2601.0,0.0,Ariquemes
27/02/2024,1900,30.3,30.8,30.1,67.0,67.0,62.0,23.5,23.5,22.4,995.2,996.2,995.2,2.8,68.0,6.3,1548.6,0.0,Ariquemes
27/02/2024,2000,31.0,31.0,30.2,65.0,68.0,63.0,23.5,23.9,22.6,994.2,995.2,994.2,2.4,64.0,4.8,1349.2,0.0,Ariquemes
27/02/2024,2100,31.2,31.2,30.8,63.0,65.0,61.0,23.2,23.6,22.6,993.6,994.2,993.6,3.2,62.0,5.5,1680.7,0.0,Ariquemes
27/02/2024,2200,28.8,31.2,28.8,73.0,73.0,60.0,23.5,23.5,22.1,993.5,993.7,993.4,2.6,105.0,5.3,995.4,0.0,Ariquemes
27/02/2024,2300,26.7,28.8,26.7,81.0,81.0,73.0,23.1,23.6,23.0,993.9,993.9,993.5,0.4,108.0,4.3,64.5,0.0,Ariquemes
28/02/2024,1100,23.6,23.6,22.4,96.0,96.0,95.0,22.9,22.9,21.6,996.8,996.8,996.0,0.4,206.0,1.2,132.4,0.0,Ariquemes
28/02/2024,1200,26.5,26.5,23.6,89.0,96.0,88.0,24.6,24.6,22.9,997.7,997.7,996.8,0.9,154.0,2.3,902.7,0.0,Ariquemes
28/02/2024,1300,28.7,28.7,26.4,78.0,89.0,78.0,24.4,24.9,24.0,998.5,998.5,997.7,1.3,82.0,3.1,1788.6,0.0,Ariquemes
28/02/2024,1400,28.9,29.0,28.0,73.0,79.0,72.0,23.6,24.7,23.3,998.6,998.7,998.5,1.2,58.0,3.9,1671.4,0.0,Ariquemes
28/02/2024,1500,30.6,30.7,28.9,66.0,74.0,65.0,23.5,24.5,23.2,998.2,998.7,998.2,1.6,86.0,4.5,2516.1,0.0,Ariquemes
28/02/2024,1600,31.7,31.9,30.3,62.0,68.0,60.0,23.5,24.4,22.5,997.7,998.2,997.7,2.1,27.0,7.4,3451.9,0.0,Ariquemes
28/02/2024,1700,32.4,32.8,31.2,58.0,63.0,57.0,23.0,24.4,22.4,996.8,997.7,996.8,2.9,34.0,5.1,3398.4,0.0,Ariquemes
28/02/2024,1800,33.2,33.4,31.7,54.0,61.0,53.0,22.7,23.9,22.3,995.6,996.7,995.6,2.2,32.0,5.1,3164.1,0.0,Ariquemes
28/02/2024,1900,32.3,33.8,32.3,53.0,56.0,51.0,21.5,23.2,21.5,994.4,995.6,994.4,2.9,38.0,5.5,3069.0,0.0,Ariquemes
28/02/2024,2000,33.1,33.4,32.1,51.0,56.0,50.0,21.8,23.1,21.3,993.0,994.4,993.0,1.9,29.0,5.7,2200.9,0.0,Ariquemes
28/02/2024,2100,32.6,33.3,32.6,51.0,54.0,48.0,21.0,22.4,20.8,992.6,993.0,992.6,3.2,42.0,5.4,1497.7,0.0,Ariquemes
28/02/2024,2200,30.4,32.6,30.4,64.0,64.0,51.0,22.8,22.8,21.1,993.2,993.2,992.6,1.5,37.0,5.4,550.4,0.0,Ariquemes
28/02/2024,2300,27.7,30.4,27.7,79.0,79.0,64.0,23.6,23.8,22.4,993.7,993.7,993.2,0.6,224.0,2.0,13.4,0.0,Ariquemes
29/02/2024,1100,24.1,24.1,23.3,95.0,95.0,94.0,23.2,23.2,22.3,996.9,996.9,996.3,0.6,189.0,1.0,85.6,0.0,Ariquemes
29/02/2024,1200,25.0,25.0,24.1,93.0,95.0,93.0,23.8,23.9,23.1,998.0,998.0,996.9,0.6,193.0,1.3,314.0,0.0,Ariquemes
29/02/2024,1300,26.6,26.6,25.0,89.0,93.0,89.0,24.7,24.8,23.8,998.7,998.7,998.0,1.7,198.0,2.6,668.2,0.0,Ariquemes
29/02/2024,1400,29.9,30.0,26.6,77.0,90.0,77.0,25.5,26.0,24.7,998.7,998.7,998.6,1.2,184.0,3.3,2088.0,0.0,Ariquemes
29/02/2024,1500,32.0,32.3,29.9,66.0,77.0,66.0,24.8,25.8,24.4,998.7,998.9,998.7,1.3,307.0,3.1,3362.8,0.0,Ariquemes
29/02/2024,1600,32.0,32.6,30.8,64.0,68.0,63.0,24.4,25.4,23.7,998.2,998.7,998.2,1.0,43.0,3.3,2327.8,0.0,Ariquemes
29/02/2024,1700,33.0,33.0,31.3,60.0,66.0,59.0,24.2,24.9,23.6,996.5,998.3,996.5,1.8,21.0,3.6,2738.3,0.0,Ariquemes
29/02/2024,1800,28.8,33.0,28.8,76.0,76.0,58.0,24.2,24.8,23.4,995.0,996.5,995.0,3.2,351.0,6.6,1204.3,0.0,Ariquemes
29/02/2024,1900,29.5,29.6,28.7,72.0,77.0,72.0,23.8,24.9,23.3,994.2,995.0,994.2,1.0,359.0,5.3,995.4,0.0,Ariquemes
29/02/2024,2000,28.6,29.5,28.5,75.0,76.0,71.0,23.8,24.3,23.5,994.3,994.6,994.2,1.1,150.0,3.3,899.6,0.0,Ariquemes
29/02/2024,2100,28.2,28.6,28.1,78.0,79.0,75.0,23.9,24.3,23.5,993.6,994.3,993.6,0.9,56.0,2.2,382.8,0.0,Ariquemes
29/02/2024,2200,27.8,28.2,27.8,82.0,82.0,77.0,24.5,24.6,23.7,994.2,994.3,993.6,0.4,167.0,3.0,221.0,0.0,Ariquemes
29/02/2024,2300,26.5,27.8,26.5,86.0,86.0,82.0,23.9,24.5,23.9,994.6,994.6,994.1,1.4,197.0,2.8,18.6,0.0,Ariquemes
01/03/2024,1100,23.5,23.5,23.2,94.0,95.0,94.0,22.6,22.6,22.2,996.8,996.8,996.1,0.5,272.0,2.1,48.5,0.0,Ariquemes
01/03/2024,1200,25.0,25.0,23.5,92.0,94.0,92.0,23.6,23.6,22.6,997.8,997.8,996.8,0.6,136.0,1.7,402.7,0.0,Ariquemes
01/03/2024,1300,28.1,28.1,25.0,81.0,92.0,81.0,24.7,24.8,23.7,998.0,998.1,997.8,1.2,147.0,2.0,1496.2,0.0,Ariquemes
01/03/2024,1400,30.4,30.5,28.0,72.0,82.0,72.0,24.7,26.0,24.3,997.8,998.0,997.7,1.6,180.0,4.4,2513.8,0.0,Ariquemes
01/03/2024,1500,31.6,32.0,30.3,65.0,73.0,64.0,24.2,25.8,24.1,997.7,997.8,997.6,1.7,191.0,4.4,3072.5,0.0,Ariquemes
01/03/2024,1600,33.0,33.4,31.6,59.0,68.0,59.0,23.9,25.8,23.9,997.4,997.7,997.4,1.9,160.0,4.6,2992.4,0.0,Ariquemes
01/03/2024,1700,33.5,34.0,32.5,57.0,63.0,57.0,23.9,25.2,23.6,996.2,997.4,996.2,2.2,73.0,5.8,3163.4,0.0,Ariquemes
01/03/2024,1800,34.4,34.4,33.0,56.0,63.0,54.0,24.2,25.5,23.5,994.1,996.2,994.1,2.9,103.0,5.1,3299.5,0.0,Ariquemes
01/03/2024,1900,33.6,35.0,33.6,54.0,58.0,51.0,23.0,24.5,22.8,992.9,994.1,992.9,2.1,106.0,6.6,2755.9,0.0,Ariquemes
01/03/2024,2000,32.9,34.9,32.6,57.0,58.0,49.0,23.3,23.8,22.4,991.0,992.9,991.0,1.8,103.0,7.0,1930.1,0.0,Ariquemes
01/03/2024,2100,31.3,33.9,31.3,66.0,66.0,53.0,24.1,24.7,23.0,992.3,992.3,991.0,1.6,240.0,4.4,1047.7,0.0,Ariquemes
01/03/2024,2200,28.7,31.3,28.7,77.0,77.0,66.0,24.2,24.4,23.9,993.3,993.3,992.3,2.4,219.0,6.2,264.8,0.0,Ariquemes
01/03/2024,2300,27.3,28.7,27.3,81.0,81.0,77.0,23.8,24.3,23.8,993.9,993.9,993.3,2.4,216.0,5.6,29.4,0.0,Ariquemes
02/03/2024,1100,24.5,24.6,24.1,95.0,95.0,95.0,23.7,23.7,23.3,997.5,997.5,996.4,0.3,197.0,2.5,63.5,0.0,Ariquemes
02/03/2024,1200,25.4,25.4,24.5,93.0,95.0,93.0,24.2,24.2,23.7,998.8,998.8,997.5,0.5,337.0,1.4,401.0,0.0,Ariquemes
02/03/2024,1300,26.4,26.4,25.4,90.0,93.0,90.0,24.5,24.8,24.1,999.0,999.0,998.7,1.3,343.0,2.3,622.8,0.0,Ariquemes
02/03/2024,1400,27.7,27.8,26.2,83.0,90.0,83.0,24.6,25.1,24.1,999.4,999.5,999.0,2.2,35.0,3.2,1153.5,0.0,Ariquemes
02/03/2024,1500,28.6,29.0,27.5,79.0,84.0,78.0,24.5,25.3,24.0,998.9,999.4,998.9,2.3,338.0,5.8,1677.4,0.0,Ariquemes
02/03/2024,1600,30.7,30.7,28.6,71.0,79.0,71.0,24.8,25.4,24.1,997.8,998.9,997.8,1.1,267.0,4.3,2997.3,0.0,Ariquemes
02/03/2024,1700,31.1,32.1,30.7,67.0,72.0,65.0,24.3,25.7,24.1,996.6,997.8,996.6,1.7,359.0,3.4,2678.6,0.0,Ariquemes
02/03/2024,1800,31.5,31.7,30.8,66.0,70.0,66.0,24.3,25.1,24.2,994.7,996.6,994.7,1.2,351.0,3.6,1393.2,0.0,Ariquemes
02/03/2024,1900,29.0,31.6,28.7,70.0,70.0,65.0,23.0,24.8,22.2,993.6,994.7,993.6,1.9,266.0,6.4,1224.1,0.0,Ariquemes
02/03/2024,2000,29.1,30.2,28.3,78.0,81.0,70.0,24.9,25.6,23.0,992.6,993.6,992.5,2.0,314.0,5.1,1437.4,1.2,Ariquemes
02/03/2024,2100,29.5,29.8,29.1,75.0,78.0,75.0,24.6,25.4,24.6,992.8,992.8,992.4,1.4,254.0,3.8,949.9,0.0,Ariquemes
02/03/2024,2200,28.2,29.5,28.2,80.0,80.0,75.0,24.3,24.7,24.2,993.8,993.8,992.8,1.2,228.0,3.3,367.5,0.0,Ariquemes
02/03/2024,2300,27.3,28.2,27.2,85.0,86.0,80.0,24.6,24.7,24.3,994.6,994.6,993.8,1.1,153.0,3.9,9.4,0.0,Ariquemes
03/03/2024,1100,24.9,24.9,24.7,95.0,95.0,94.0,24.0,24.0,23.8,997.4,997.4,996.6,1.7,55.0,2.9,38.1,0.0,Ariquemes
03/03/2024,1200,25.7,25.9,24.8,92.0,95.0,91.0,24.3,24.8,23.9,998.5,998.5,997.4,2.3,57.0,3.8,387.2,0.0,Ariquemes
03/03/2024,1300,26.5,26.5,25.7,88.0,92.0,88.0,24.4,24.6,24.1,999.3,999.3,998.5,3.2,32.0,4.6,665.1,0.0,Ariquemes
03/03/2024,1400,28.0,28.0,26.5,84.0,89.0,81.0,25.0,25.0,24.1,999.1,999.4,999.1,2.9,4.0,5.1,1536.3,0.0,Ariquemes
03/03/2024,1500,28.8,29.1,27.6,76.0,84.0,75.0,24.1,25.0,24.0,998.6,999.2,998.6,2.8,357.0,5.4,1666.1,0.0,Ariquemes
03/03/2024,1600,29.7,30.1,28.8,71.0,78.0,70.0,24.0,25.0,23.8,997.8,998.6,997.8,3.0,10.0,5.5,2449.5,0.0,Ariquemes
03/03/2024,1700,29.1,30.1,29.0,74.0,74.0,70.0,24.0,24.8,23.7,997.0,997.8,997.0,4.4,35.0,6.3,1744.8,0.0,Ariquemes
03/03/2024,1800,30.8,30.9,29.1,69.0,77.0,69.0,24.6,25.2,23.5,995.9,997.0,995.9,3.2,12.0,6.3,2759.1,0.0,Ariquemes
03/03/2024,1900,30.4,31.5,30.3,70.0,71.0,67.0,24.3,25.2,23.9,994.9,995.9,994.9,3.0,46.0,5.6,2643.5,0.0,Ariquemes
03/03/2024,2000,30.4,30.9,30.1,70.0,73.0,68.0,24.3,25.0,23.9,994.1,994.9,994.1,2.9,41.0,5.6,1419.2,0.0,Ariquemes
03/03/2024,2100,30.4,30.9,29.8,69.0,70.0,66.0,24.0,24.3,23.4,993.6,994.1,993.5,2.8,40.0,5.6,1197.5,0.0,Ariquemes
03/03/2024,2200,28.8,30.4,28.8,76.0,76.0,68.0,24.2,24.3,23.7,994.0,994.0,993.6,0.9,46.0,4.7,475.7,0.0,Ariquemes
03/03/2024,2300,27.1,28.8,27.1,85.0,85.0,76.0,24.3,24.5,24.0,994.6,994.6,994.0,1.1,227.0,1.5,18.0,0.0,Ariquemes
04/03/2024,1100,24.7,24.7,24.5,95.0,95.0,95.0,23.8,23.8,23.6,997.5,997.5,996.9,0.3,85.0,1.5,29.9,0.0,Ariquemes
04/03/2024,1200,25.3,25.3,24.6,94.0,95.0,94.0,24.3,24.4,23.8,998.1,998.1,997.5,0.7,63.0,1.3,291.7,0.0,Ariquemes
04/03/2024,1300,26.5,26.5,25.3,93.0,94.0,92.0,25.2,25.3,24.3,998.6,998.7,998.1,1.8,48.0,3.0,613.6,0.0,Ariquemes
04/03/2024,1400,27.9,27.9,26.4,87.0,93.0,86.0,25.5,25.5,24.9,998.4,998.8,998.4,2.0,92.0,4.1,1035.5,0.0,Ariquemes
04/03/2024,1500,29.3,29.9,27.9,78.0,87.0,76.0,24.9,26.1,24.8,997.9,998.4,997.9,1.3,25.0,4.4,2110.8,0.0,Ariquemes
04/03/2024,1600,30.5,30.5,29.3,74.0,79.0,74.0,25.4,25.7,24.9,997.2,998.0,997.2,1.0,72.0,3.6,1632.3,0.0,Ariquemes
04/03/2024,1700,30.2,31.3,30.1,74.0,75.0,67.0,24.9,26.1,24.0,995.8,997.2,995.8,3.2,66.0,5.7,1987.1,0.0,Ariquemes
04/03/2024,1800,30.8,31.0,29.8,70.0,77.0,69.0,24.6,25.9,24.5,994.3,995.8,994.3,1.6,26.0,5.1,1680.5,0.0,Ariquemes
04/03/2024,1900,31.6,32.2,30.7,60.0,70.0,58.0,23.0,25.0,22.6,993.1,994.3,993.1,2.3,301.0,4.9,2089.4,0.0,Ariquemes
04/03/2024,2000,32.4,32.5,31.2,59.0,64.0,56.0,23.5,23.8,22.2,992.0,993.1,992.0,2.1,339.0,4.9,1801.3,0.0,Ariquemes
04/03/2024,2100,32.4,32.9,31.9,59.0,61.0,57.0,23.3,24.0,22.8,991.4,992.0,991.4,1.5,245.0,3.9,1522.5,0.0,Ariquemes
04/03/2024,2200,31.3,32.7,31.2,67.0,67.0,59.0,24.4,24.4,23.2,992.0,992.0,991.4,0.8,204.0,3.0,742.5,0.0,Ariquemes
04/03/2024,2300,28.2,31.3,28.2,81.0,81.0,67.0,24.6,25.0,24.5,993.1,993.1,992.0,0.4,1.0,1.4,68.6,0.0,Ariquemes
05/03/2024,1100,24.9,24.9,24.7,93.0,93.0,93.0,23.7,23.7,23.5,996.4,996.4,996.0,1.1,115.0,2.4,37.4,0.2,Ariquemes
05/03/2024,1200,25.7,25.7,24.9,92.0,94.0,92.0,24.3,24.3,23.7,997.6,997.6,996.4,1.7,96.0,2.4,352.6,0.0,Ariquemes
05/03/2024,1300,27.4,27.4,25.6,88.0,92.0,87.0,25.3,25.3,24.1,998.1,998.1,997.6,1.2,137.0,2.8,960.1,0.0,Ariquemes
05/03/2024,1400,28.4,28.5,27.3,80.0,88.0,79.0,24.7,25.3,24.3,998.6,998.6,998.1,1.7,162.0,3.8,1617.9,0.0,Ariquemes
05/03/2024,1500,28.9,29.2,28.4,76.0,81.0,75.0,24.3,25.1,24.1,998.3,998.6,998.3,2.0,119.0,3.4,1321.3,0.0,Ariquemes
05/03/2024,1600,30.5,30.5,28.8,74.0,79.0,73.0,25.2,25.3,24.4,997.7,998.3,997.7,1.4,111.0,3.4,2094.0,0.0,Ariquemes
05/03/2024,1700,30.8,30.8,30.1,71.0,74.0,70.0,24.8,25.3,24.2,996.2,997.7,996.2,1.7,88.0,3.4,2400.2,0.0,Ariquemes
05/03/2024,1800,32.4,32.4,30.6,64.0,71.0,62.0,24.6,25.2,23.8,994.8,996.2,994.8,1.2,236.0,3.1,2990.5,0.0,Ariquemes
05/03/2024,1900,32.8,33.1,32.3,51.0,64.0,47.0,21.2,24.8,20.2,993.3,994.8,993.3,1.9,13.0,4.8,3388.2,0.0,Ariquemes
05/03/2024,2000,33.2,33.4,32.7,53.0,55.0,49.0,22.2,23.0,20.7,991.6,993.3,991.6,1.2,55.0,3.5,2260.2,0.0,Ariquemes
05/03/2024,2100,32.0,34.1,32.0,58.0,59.0,52.0,22.6,23.2,22.1,991.8,991.8,991.4,2.1,17.0,3.5,1314.5,0.0,Ariquemes
05/03/2024,2200,29.7,32.0,29.7,70.0,70.0,57.0,23.7,24.4,22.4,992.6,992.6,991.8,2.8,334.0,5.5,359.8,0.0,Ariquemes
05/03/2024,2300,27.6,29.7,27.6,78.0,79.0,70.0,23.4,23.8,23.2,993.0,993.1,992.6,0.6,90.0,5.1,36.0,0.0,Ariquemes
06/03/2024,1100,25.0,25.0,24.3,95.0,95.0,95.0,24.2,24.2,23.5,996.0,996.0,995.3,0.9,135.0,1.5,111.4,9.6,Ariquemes
06/03/2024,1200,26.1,26.1,25.1,93.0,95.0,93.0,24.9,25.0,24.2,996.9,996.9,996.0,2.1,93.0,3.2,556.9,0.0,Ariquemes
06/03/2024,1300,28.3,28.7,26.1,82.0,93.0,81.0,24.9,25.7,24.8,997.1,997.1,996.9,1.1,54.0,3.2,1491.1,0.0,Ariquemes
06/03/2024,1400,30.5,30.8,28.3,75.0,83.0,74.0,25.7,26.5,24.9,997.3,997.3,997.1,1.4,90.0,3.2,1940.0,0.0,Ariquemes
06/03/2024,1500,30.8,32.2,30.1,71.0,77.0,67.0,25.1,26.4,24.6,996.7,997.3,996.7,2.5,84.0,4.6,2721.0,0.0,Ariquemes
06/03/2024,1600,32.0,32.1,30.8,69.0,73.0,66.0,25.7,26.3,24.7,996.1,996.7,996.1,2.0,89.0,4.5,2200.4,0.0,Ariquemes
06/03/2024,1700,32.6,32.7,31.6,67.0,70.0,64.0,25.6,26.1,24.5,994.5,996.1,994.5,1.9,75.0,4.7,2618.0,0.0,Ariquemes
06/03/2024,1800,33.4,34.0,32.6,62.0,67.0,58.0,25.1,26.0,24.0,993.1,994.5,993.1,2.6,66.0,6.3,3561.3,0.0,Ariquemes
06/03/2024,1900,33.9,34.1,33.2,58.0,63.0,55.0,24.6,25.6,23.5,992.1,993.1,992.1,2.0,58.0,7.4,3091.1,0.0,Ariquemes
06/03/2024,2000,32.2,34.6,32.2,66.0,67.0,55.0,25.1,25.4,23.5,991.0,992.1,991.0,4.4,57.0,7.7,2418.9,0.0,Ariquemes
06/03/2024,2100,32.4,32.5,31.4,61.0,68.0,60.0,24.0,25.5,23.6,991.2,991.2,990.9,1.3,13.0,7.0,1214.8,0.0,Ariquemes
06/03/2024,2200,30.5,32.8,30.5,75.0,75.0,61.0,25.5,25.5,23.9,992.0,992.0,991.2,0.4,282.0,2.7,380.3,0.0,Ariquemes
06/03/2024,2300,28.3,30.5,28.3,78.0,78.0,74.0,24.1,25.6,24.1,992.3,992.4,992.0,2.0,222.0,4.3,21.6,0.0,Ariquemes
07/03/2024,1100,24.6,24.6,24.2,95.0,95.0,94.0,23.8,23.8,23.3,996.5,996.5,995.8,1.5,77.0,2.3,40.3,0.0,Ariquemes
07/03/2024,1200,26.5,26.5,24.6,92.0,95.0,92.0,25.2,25.2,23.8,997.2,997.2,996.5,2.0,196.0,5.3,638.7,3.6,Ariquemes
07/03/2024,1300,29.2,29.3,26.6,80.0,92.0,80.0,25.3,26.1,24.8,997.9,997.9,997.1,2.3,174.0,4.5,1973.5,0.0,Ariquemes
07/03/2024,1400,31.4,31.4,29.1,69.0,80.0,69.0,25.1,25.7,24.7,998.1,998.1,997.9,2.1,191.0,4.7,2543.8,0.0,Ariquemes
07/03/2024,1500,32.2,32.4,31.2,66.0,72.0,65.0,25.0,26.0,24.6,997.7,998.1,997.7,1.6,202.0,3.8,2671.9,0.0,Ariquemes
07/03/2024,1600,32.8,33.2,31.7,64.0,68.0,62.0,25.2,25.7,24.4,996.5,997.7,996.5,1.3,320.0,3.9,2666.2,0.0,Ariquemes
07/03/2024,1700,29.8,33.1,29.8,71.0,71.0,61.0,23.8,25.4,23.8,994.4,996.5,994.4,4.5,208.0,8.6,1044.3,0.0,Ariquemes
07/03/2024,1800,31.5,31.5,28.6,66.0,77.0,66.0,24.5,25.3,23.5,993.2,994.6,993.2,3.5,205.0,8.1,2755.0,0.0,Ariquemes
07/03/2024,1900,32.3,32.4,31.1,61.0,67.0,60.0,23.7,25.1,23.5,992.2,993.2,992.2,3.1,204.0,6.2,3078.4,0.0,Ariquemes
07/03/2024,2000,31.9,33.7,31.9,61.0,62.0,57.0,23.4,25.0,23.0,992.6,992.6,991.5,0.9,270.0,6.8,2077.0,0.0,Ariquemes
07/03/2024,2100,25.1,31.9,25.1,89.0,89.0,60.0,23.2,23.8,22.8,995.1,995.1,992.6,2.8,146.0,10.8,57.9,4.6,Ariquemes
07/03/2024,2200,24.0,25.1,23.9,91.0,91.0,89.0,22.4,23.1,22.2,994.7,995.1,994.0,0.9,113.0,7.3,4.1,2.4,Ariquemes
08/03/2024,1100,24.3,24.3,23.8,95.0,95.0,95.0,23.5,23.5,22.9,997.4,997.4,996.5,0.8,271.0,1.6,91.4,0.0,Ariquemes
08/03/2024,1200,25.5,25.5,24.3,93.0,95.0,93.0,24.3,24.3,23.6,998.9,998.9,997.4,0.8,121.0,1.5,519.6,0.0,Ariquemes
08/03/2024,1300,26.6,26.6,25.5,88.0,93.0,88.0,24.5,24.7,24.0,999.5,999.6,998.9,0.4,167.0,2.1,958.3,0.0,Ariquemes
08/03/2024,1400,28.2,28.2,26.6,82.0,89.0,82.0,24.9,25.2,24.4,999.8,999.8,999.4,0.7,52.0,3.9,1702.9,0.0,Ariquemes
08/03/2024,1500,29.1,29.1,28.1,79.0,83.0,78.0,25.2,25.4,24.5,999.3,999.8,999.3,1.0,357.0,3.0,1406.2,0.0,Ariquemes
08/03/2024,1600,30.2,30.2,28.9,74.0,79.0,74.0,25.0,26.0,24.6,998.4,999.3,998.4,1.1,68.0,2.8,2208.7,0.0,Ariquemes
08/03/2024,1700,30.1,31.1,30.1,72.0,76.0,68.0,24.6,25.8,24.0,996.8,998.4,996.8,1.8,344.0,3.2,1964.7,0.0,Ariquemes
08/03/2024,1800,25.8,30.1,25.8,89.0,89.0,71.0,23.9,25.0,23.4,996.5,996.8,996.3,3.9,133.0,6.9,437.8,11.2,Ariquemes
08/03/2024,1900,23.7,25.8,23.7,92.0,92.0,88.0,22.4,23.8,22.3,996.6,997.2,996.5,1.2,116.0,9.2,66.9,7.6,Ariquemes
08/03/2024,2000,24.5,24.5,23.7,92.0,93.0,92.0,23.1,23.1,22.4,995.7,996.6,995.7,1.4,305.0,3.1,212.8,0.4,Ariquemes
08/03/2024,2100,24.7,24.8,24.5,92.0,92.0,91.0,23.3,23.4,22.9,995.0,995.7,995.0,1.0,114.0,3.1,251.8,0.0,Ariquemes
08/03/2024,2200,24.4,24.7,24.4,92.0,93.0,92.0,23.1,23.4,23.1,994.6,995.0,994.4,1.0,237.0,2.1,117.5,0.0,Ariquemes
08/03/2024,2300,24.0,24.4,24.0,93.0,93.0,92.0,22.9,23.1,22.9,995.4,995.5,994.6,1.2,191.0,2.1,9.9,0.0,Ariquemes
09/03/2024,1100,22.5,22.5,21.8,96.0,96.0,96.0,21.9,21.9,21.1,997.3,997.3,996.5,0.9,84.0,1.5,107.2,0.0,Ariquemes
09/03/2024,1200,24.3,24.3,22.5,95.0,97.0,95.0,23.5,23.6,21.9,998.0,998.0,997.3,0.7,115.0,2.0,685.9,0.0,Ariquemes
09/03/2024,1300,26.8,26.8,24.3,84.0,95.0,84.0,23.9,24.6,23.4,998.8,998.8,998.0,1.8,72.0,3.1,1527.3,0.0,Ariquemes
09/03/2024,1400,29.0,29.1,26.8,76.0,85.0,76.0,24.4,25.1,23.9,998.7,998.9,998.7,1.1,343.0,2.9,2414.4,0.0,Ariquemes
09/03/2024,1500,30.6,30.6,28.9,70.0,78.0,69.0,24.4,25.6,24.1,998.5,998.7,998.5,2.1,19.0,4.4,3145.0,0.0,Ariquemes
09/03/2024,1600,31.9,31.9,30.6,63.0,72.0,62.0,23.9,25.3,23.5,998.1,998.5,998.1,1.2,293.0,4.4,3399.1,0.0,Ariquemes
09/03/2024,1700,32.4,32.9,31.9,64.0,65.0,59.0,24.7,25.2,23.1,997.0,998.1,997.0,2.6,353.0,4.7,3479.3,0.0,Ariquemes
09/03/2024,1800,33.1,33.3,31.7,61.0,67.0,59.0,24.6,25.5,23.6,995.3,997.0,995.3,1.4,99.0,4.7,2201.4,0.0,Ariquemes
09/03/2024,1900,33.3,33.5,32.7,60.0,64.0,59.0,24.5,25.5,23.8,993.8,995.2,993.8,1.6,339.0,4.3,2291.3,0.0,Ariquemes
09/03/2024,2000,33.1,33.9,33.1,60.0,62.0,58.0,24.4,25.1,24.1,993.1,993.8,993.1,2.3,22.0,4.0,1989.7,0.0,Ariquemes
09/03/2024,2100,31.9,33.5,31.9,64.0,64.0,56.0,24.1,24.7,23.1,993.1,993.1,992.9,1.9,63.0,4.3,1127.3,0.0,Ariquemes
09/03/2024,2200,30.4,32.0,30.4,72.0,72.0,61.0,24.7,24.7,23.6,993.3,993.3,992.9,1.9,33.0,4.0,448.1,0.0,Ariquemes
09/03/2024,2300,28.2,30.4,28.2,81.0,82.0,72.0,24.7,25.2,24.6,994.1,994.1,993.2,0.7,21.0,2.9,27.1,0.0,Ariquemes
10/03/2024,1100,24.7,24.7,24.1,95.0,95.0,95.0,23.9,23.9,23.3,997.4,997.4,996.3,1.2,80.0,2.3,91.4,0.0,Ariquemes
10/03/2024,1200,26.1,26.1,24.7,93.0,95.0,93.0,24.9,24.9,23.9,998.5,998.5,997.4,0.8,62.0,2.1,476.4,0.0,Ariquemes
10/03/2024,1300,28.1,28.2,26.1,86.0,93.0,86.0,25.5,25.9,24.9,999.3,999.3,998.5,1.7,47.0,7.8,1321.4,0.0,Ariquemes
10/03/2024,1800,30.0,33.1,30.0,69.0,69.0,63.0,23.8,26.1,23.8,996.4,997.7,996.4,2.4,277.0,6.0,2639.5,0.0,Ariquemes
10/03/2024,1900,31.3,31.5,29.5,70.0,76.0,69.0,25.1,25.7,23.7,995.1,996.4,995.1,1.4,265.0,6.0,1685.6,0.0,Ariquemes
10/03/2024,2000,30.3,31.6,29.4,74.0,81.0,69.0,25.2,26.0,25.1,993.7,995.1,993.7,2.1,220.0,4.7,1667.1,1.4,Ariquemes
11/03/2024,1100,24.4,24.4,24.0,95.0,95.0,95.0,23.6,23.6,23.2,997.1,997.1,996.5,0.2,1.0,1.4,89.3,0.0,Ariquemes
11/03/2024,1200,26.2,26.2,24.4,93.0,96.0,92.0,24.9,25.1,23.6,998.0,998.0,997.1,0.4,178.0,1.0,585.9,0.0,Ariquemes
11/03/2024,1300,28.8,28.9,26.2,83.0,93.0,83.0,25.8,26.2,24.9,998.6,998.6,998.0,1.1,229.0,2.5,1521.7,0.0,Ariquemes
11/03/2024,1400,31.1,31.3,28.8,74.0,84.0,73.0,26.0,26.7,25.4,998.9,998.9,998.5,0.9,55.0,2.2,2402.2,0.0,Ariquemes
11/03/2024,1500,32.1,32.3,30.8,66.0,74.0,66.0,25.0,26.0,24.8,998.6,998.9,998.6,1.6,37.0,3.6,2626.8,0.0,Ariquemes
11/03/2024,1600,33.1,33.2,31.7,62.0,68.0,61.0,24.8,25.4,24.3,997.9,998.6,997.9,0.6,225.0,3.6,2396.8,0.0,Ariquemes
11/03/2024,1700,32.6,33.4,32.3,61.0,63.0,59.0,24.0,25.1,23.6,996.9,997.9,996.9,1.2,343.0,3.1,2384.8,0.0,Ariquemes
11/03/2024,1800,33.4,33.6,32.6,60.0,63.0,59.0,24.6,25.4,23.9,995.7,996.9,995.7,1.4,175.0,3.6,1735.7,0.0,Ariquemes
11/03/2024,1900,34.6,34.6,33.0,55.0,61.0,55.0,24.4,24.9,23.6,994.5,995.7,994.5,0.6,293.0,3.4,1420.6,0.0,Ariquemes
11/03/2024,2000,33.7,35.1,33.6,56.0,58.0,54.0,23.6,25.1,23.4,993.5,994.5,993.5,0.7,334.0,3.8,2169.1,0.0,Ariquemes
11/03/2024,2100,29.9,34.0,29.8,75.0,75.0,55.0,25.0,25.2,23.3,993.2,993.6,993.2,0.8,304.0,5.5,602.1,2.0,Ariquemes
11/03/2024,2200,28.4,29.9,28.3,85.0,85.0,75.0,25.6,25.8,24.6,993.5,993.5,993.0,0.8,183.0,3.9,163.6,0.0,Ariquemes
11/03/2024,2300,27.3,28.4,27.3,89.0,89.0,84.0,25.3,25.8,25.2,993.9,993.9,993.5,1.0,201.0,1.8,14.7,0.0,Ariquemes
12/03/2024,1200,27.8,27.8,25.1,90.0,96.0,90.0,26.0,26.1,24.4,998.2,998.2,997.3,0.9,85.0,1.6,902.9,0.0,Ariquemes
12/03/2024,1300,29.4,29.4,27.8,84.0,90.0,84.0,26.5,26.5,25.5,999.0,999.0,998.2,2.3,2.0,4.1,1486.8,0.0,Ariquemes
12/03/2024,1400,29.5,30.0,29.2,79.0,85.0,79.0,25.5,26.6,25.4,998.9,999.0,998.9,2.7,3.0,5.1,2179.0,0.0,Ariquemes
12/03/2024,1500,31.0,31.0,29.5,73.0,80.0,73.0,25.6,26.5,25.4,998.3,999.0,998.3,1.1,331.0,4.9,2293.4,0.0,Ariquemes
12/03/2024,1600,32.8,32.8,30.8,67.0,75.0,67.0,26.0,26.7,25.3,997.6,998.3,997.6,1.2,21.0,4.3,2462.2,0.0,Ariquemes
12/03/2024,1700,33.3,33.5,32.3,65.0,70.0,63.0,25.7,26.9,24.9,996.5,997.6,996.5,0.5,319.0,6.1,2655.2,0.0,Ariquemes
12/03/2024,1800,33.2,34.4,32.7,63.0,68.0,60.0,25.1,26.1,24.9,995.3,996.5,995.3,1.3,91.0,4.0,1972.8,0.0,Ariquemes
12/03/2024,1900,32.5,33.4,32.2,65.0,69.0,63.0,25.2,26.4,24.9,994.3,995.3,994.3,1.4,338.0,6.8,1109.0,0.0,Ariquemes
12/03/2024,2000,28.8,32.7,28.7,73.0,73.0,65.0,23.4,25.4,23.0,993.9,994.6,993.9,0.9,303.0,5.5,763.8,0.0,Ariquemes
12/03/2024,2100,31.1,31.4,28.8,67.0,73.0,66.0,24.4,24.8,23.4,992.9,993.9,992.8,0.4,303.0,5.5,1448.6,0.0,Ariquemes
12/03/2024,2200,30.3,31.1,30.3,73.0,74.0,67.0,25.0,25.0,23.9,993.0,993.2,992.9,0.6,57.0,2.1,584.0,0.0,Ariquemes
12/03/2024,2300,27.9,30.3,27.9,82.0,83.0,73.0,24.6,25.1,24.6,993.9,993.9,992.8,0.5,274.0,1.9,23.1,0.0,Ariquemes
13/03/2024,1100,25.1,25.1,24.5,94.0,94.0,93.0,24.1,24.1,23.4,997.0,997.0,996.6,0.9,234.0,3.1,73.5,0.0,Ariquemes
13/03/2024,1200,26.5,26.7,25.1,89.0,94.0,88.0,24.5,24.9,24.0,997.8,997.8,997.0,0.9,202.0,7.7,606.3,0.0,Ariquemes
13/03/2024,1300,29.0,29.0,26.5,79.0,89.0,78.0,24.9,25.2,24.0,998.7,998.7,997.8,0.8,56.0,20.5,1502.2,0.0,Ariquemes
